mode: atomic
digital.vasic.lava.apigo/cmd/healthprobe/main.go:30.13,37.16 6 0
digital.vasic.lava.apigo/cmd/healthprobe/main.go:37.16,40.3 2 0
digital.vasic.lava.apigo/cmd/healthprobe/main.go:41.2,41.35 1 0
digital.vasic.lava.apigo/cmd/healthprobe/main.go:41.35,44.3 2 0
digital.vasic.lava.apigo/cmd/healthprobe/main.go:45.2,45.53 1 0
digital.vasic.lava.apigo/cmd/healthprobe/main.go:53.75,65.16 6 3
digital.vasic.lava.apigo/cmd/healthprobe/main.go:65.16,67.3 1 1
digital.vasic.lava.apigo/cmd/healthprobe/main.go:68.2,69.29 2 2
digital.vasic.lava.apigo/cmd/lavaapi-cshared/main.go:48.35,49.16 1 0
digital.vasic.lava.apigo/cmd/lavaapi-cshared/main.go:49.16,51.3 1 0
digital.vasic.lava.apigo/cmd/lavaapi-cshared/main.go:52.2,52.31 1 0
digital.vasic.lava.apigo/cmd/lavaapi-cshared/main.go:60.47,62.2 1 0
digital.vasic.lava.apigo/cmd/lavaapi-cshared/main.go:69.28,71.2 1 0
digital.vasic.lava.apigo/cmd/lavaapi-cshared/main.go:77.30,79.2 1 0
digital.vasic.lava.apigo/cmd/lavaapi-cshared/main.go:86.29,87.14 1 0
digital.vasic.lava.apigo/cmd/lavaapi-cshared/main.go:87.14,89.3 1 0
digital.vasic.lava.apigo/cmd/lavaapi-cshared/main.go:94.14,94.15 0 0
digital.vasic.lava.apigo/internal/archiveorg/browse.go:14.100,15.14 1 3
digital.vasic.lava.apigo/internal/archiveorg/browse.go:15.14,17.3 1 0
digital.vasic.lava.apigo/internal/archiveorg/browse.go:18.2,25.16 7 3
digital.vasic.lava.apigo/internal/archiveorg/browse.go:25.16,27.3 1 0
digital.vasic.lava.apigo/internal/archiveorg/browse.go:29.2,30.50 2 3
digital.vasic.lava.apigo/internal/archiveorg/browse.go:30.50,32.3 1 0
digital.vasic.lava.apigo/internal/archiveorg/browse.go:34.2,35.37 2 3
digital.vasic.lava.apigo/internal/archiveorg/browse.go:35.37,40.23 2 2
digital.vasic.lava.apigo/internal/archiveorg/browse.go:40.23,42.4 1 0
digital.vasic.lava.apigo/internal/archiveorg/browse.go:43.3,43.25 1 2
digital.vasic.lava.apigo/internal/archiveorg/browse.go:43.25,45.4 1 0
digital.vasic.lava.apigo/internal/archiveorg/browse.go:46.3,46.24 1 2
digital.vasic.lava.apigo/internal/archiveorg/browse.go:46.24,48.4 1 0
digital.vasic.lava.apigo/internal/archiveorg/browse.go:49.3,49.25 1 2
digital.vasic.lava.apigo/internal/archiveorg/browse.go:49.25,51.4 1 1
digital.vasic.lava.apigo/internal/archiveorg/browse.go:52.3,52.20 1 2
digital.vasic.lava.apigo/internal/archiveorg/browse.go:52.20,54.4 1 0
digital.vasic.lava.apigo/internal/archiveorg/browse.go:55.3,55.30 1 2
digital.vasic.lava.apigo/internal/archiveorg/browse.go:58.2,59.34 2 3
digital.vasic.lava.apigo/internal/archiveorg/browse.go:59.34,61.3 1 2
digital.vasic.lava.apigo/internal/archiveorg/browse.go:62.2,62.20 1 3
digital.vasic.lava.apigo/internal/archiveorg/browse.go:62.20,64.3 1 1
digital.vasic.lava.apigo/internal/archiveorg/browse.go:66.2,70.8 1 3
digital.vasic.lava.apigo/internal/archiveorg/client.go:30.40,37.2 1 25
digital.vasic.lava.apigo/internal/archiveorg/client.go:41.90,43.16 2 14
digital.vasic.lava.apigo/internal/archiveorg/client.go:43.16,45.3 1 0
digital.vasic.lava.apigo/internal/archiveorg/client.go:46.2,46.18 1 14
digital.vasic.lava.apigo/internal/archiveorg/client.go:46.18,48.3 1 9
digital.vasic.lava.apigo/internal/archiveorg/client.go:50.2,51.16 2 14
digital.vasic.lava.apigo/internal/archiveorg/client.go:51.16,53.3 1 0
digital.vasic.lava.apigo/internal/archiveorg/client.go:54.2,57.16 3 14
digital.vasic.lava.apigo/internal/archiveorg/client.go:57.16,59.3 1 0
digital.vasic.lava.apigo/internal/archiveorg/client.go:60.2,62.38 2 14
digital.vasic.lava.apigo/internal/archiveorg/client.go:62.38,65.3 2 1
digital.vasic.lava.apigo/internal/archiveorg/client.go:67.2,67.30 1 13
digital.vasic.lava.apigo/internal/archiveorg/client.go:72.89,74.16 2 3
digital.vasic.lava.apigo/internal/archiveorg/client.go:74.16,76.3 1 0
digital.vasic.lava.apigo/internal/archiveorg/client.go:77.2,80.16 3 3
digital.vasic.lava.apigo/internal/archiveorg/client.go:80.16,82.3 1 0
digital.vasic.lava.apigo/internal/archiveorg/client.go:83.2,83.40 1 3
digital.vasic.lava.apigo/internal/archiveorg/client.go:87.63,90.2 2 0
digital.vasic.lava.apigo/internal/archiveorg/download.go:17.100,20.16 3 3
digital.vasic.lava.apigo/internal/archiveorg/download.go:20.16,22.3 1 0
digital.vasic.lava.apigo/internal/archiveorg/download.go:23.2,25.19 2 3
digital.vasic.lava.apigo/internal/archiveorg/download.go:25.19,28.3 2 1
digital.vasic.lava.apigo/internal/archiveorg/download.go:30.2,31.16 2 2
digital.vasic.lava.apigo/internal/archiveorg/download.go:31.16,33.3 1 0
digital.vasic.lava.apigo/internal/archiveorg/download.go:35.2,38.8 1 2
digital.vasic.lava.apigo/internal/archiveorg/provider.go:22.58,24.2 1 12
digital.vasic.lava.apigo/internal/archiveorg/provider.go:27.39,27.62 1 6
digital.vasic.lava.apigo/internal/archiveorg/provider.go:30.48,30.77 1 1
digital.vasic.lava.apigo/internal/archiveorg/provider.go:33.72,41.2 1 1
digital.vasic.lava.apigo/internal/archiveorg/provider.go:44.56,44.84 1 1
digital.vasic.lava.apigo/internal/archiveorg/provider.go:47.45,47.63 1 1
digital.vasic.lava.apigo/internal/archiveorg/provider.go:52.137,54.16 2 1
digital.vasic.lava.apigo/internal/archiveorg/provider.go:54.16,56.3 1 0
digital.vasic.lava.apigo/internal/archiveorg/provider.go:57.2,58.30 2 1
digital.vasic.lava.apigo/internal/archiveorg/provider.go:58.30,68.3 1 1
digital.vasic.lava.apigo/internal/archiveorg/provider.go:69.2,74.8 1 1
digital.vasic.lava.apigo/internal/archiveorg/provider.go:78.140,80.16 2 1
digital.vasic.lava.apigo/internal/archiveorg/provider.go:80.16,82.3 1 0
digital.vasic.lava.apigo/internal/archiveorg/provider.go:83.2,84.30 2 1
digital.vasic.lava.apigo/internal/archiveorg/provider.go:84.30,94.3 1 1
digital.vasic.lava.apigo/internal/archiveorg/provider.go:95.2,99.8 1 1
digital.vasic.lava.apigo/internal/archiveorg/provider.go:103.112,114.2 1 1
digital.vasic.lava.apigo/internal/archiveorg/provider.go:117.130,119.16 2 1
digital.vasic.lava.apigo/internal/archiveorg/provider.go:119.16,121.3 1 0
digital.vasic.lava.apigo/internal/archiveorg/provider.go:122.2,123.29 2 1
digital.vasic.lava.apigo/internal/archiveorg/provider.go:123.29,128.3 1 1
digital.vasic.lava.apigo/internal/archiveorg/provider.go:129.2,135.8 1 1
digital.vasic.lava.apigo/internal/archiveorg/provider.go:139.124,141.2 1 1
digital.vasic.lava.apigo/internal/archiveorg/provider.go:146.128,149.57 2 2
digital.vasic.lava.apigo/internal/archiveorg/provider.go:149.57,151.3 1 1
digital.vasic.lava.apigo/internal/archiveorg/provider.go:152.2,154.16 3 1
digital.vasic.lava.apigo/internal/archiveorg/provider.go:154.16,156.3 1 0
digital.vasic.lava.apigo/internal/archiveorg/provider.go:157.2,162.8 1 1
digital.vasic.lava.apigo/internal/archiveorg/provider.go:168.133,170.2 1 0
digital.vasic.lava.apigo/internal/archiveorg/provider.go:173.108,175.2 1 0
digital.vasic.lava.apigo/internal/archiveorg/provider.go:178.118,180.2 1 0
digital.vasic.lava.apigo/internal/archiveorg/provider.go:183.106,185.2 1 0
digital.vasic.lava.apigo/internal/archiveorg/provider.go:188.109,190.2 1 0
digital.vasic.lava.apigo/internal/archiveorg/provider.go:195.94,197.2 1 1
digital.vasic.lava.apigo/internal/archiveorg/provider.go:200.105,202.2 1 1
digital.vasic.lava.apigo/internal/archiveorg/provider.go:205.101,207.2 1 0
digital.vasic.lava.apigo/internal/archiveorg/provider.go:212.92,215.16 3 2
digital.vasic.lava.apigo/internal/archiveorg/provider.go:215.16,220.3 1 0
digital.vasic.lava.apigo/internal/archiveorg/provider.go:221.2,222.16 2 2
digital.vasic.lava.apigo/internal/archiveorg/provider.go:222.16,227.3 1 0
digital.vasic.lava.apigo/internal/archiveorg/provider.go:228.2,229.53 2 2
digital.vasic.lava.apigo/internal/archiveorg/provider.go:229.53,231.3 1 1
digital.vasic.lava.apigo/internal/archiveorg/provider.go:232.2,232.52 1 1
digital.vasic.lava.apigo/internal/archiveorg/provider.go:236.32,237.16 1 0
digital.vasic.lava.apigo/internal/archiveorg/provider.go:237.16,239.3 1 0
digital.vasic.lava.apigo/internal/archiveorg/provider.go:242.2,242.28 1 0
digital.vasic.lava.apigo/internal/archiveorg/search.go:52.93,53.14 1 5
digital.vasic.lava.apigo/internal/archiveorg/search.go:53.14,55.3 1 1
digital.vasic.lava.apigo/internal/archiveorg/search.go:56.2,64.16 8 5
digital.vasic.lava.apigo/internal/archiveorg/search.go:64.16,66.3 1 0
digital.vasic.lava.apigo/internal/archiveorg/search.go:68.2,69.50 2 5
digital.vasic.lava.apigo/internal/archiveorg/search.go:69.50,71.3 1 1
digital.vasic.lava.apigo/internal/archiveorg/search.go:73.2,74.37 2 4
digital.vasic.lava.apigo/internal/archiveorg/search.go:74.37,79.23 2 3
digital.vasic.lava.apigo/internal/archiveorg/search.go:79.23,81.4 1 1
digital.vasic.lava.apigo/internal/archiveorg/search.go:82.3,82.25 1 3
digital.vasic.lava.apigo/internal/archiveorg/search.go:82.25,84.4 1 1
digital.vasic.lava.apigo/internal/archiveorg/search.go:85.3,85.24 1 3
digital.vasic.lava.apigo/internal/archiveorg/search.go:85.24,87.4 1 1
digital.vasic.lava.apigo/internal/archiveorg/search.go:88.3,88.25 1 3
digital.vasic.lava.apigo/internal/archiveorg/search.go:88.25,90.4 1 1
digital.vasic.lava.apigo/internal/archiveorg/search.go:91.3,91.20 1 3
digital.vasic.lava.apigo/internal/archiveorg/search.go:91.20,93.4 1 1
digital.vasic.lava.apigo/internal/archiveorg/search.go:94.3,94.30 1 3
digital.vasic.lava.apigo/internal/archiveorg/search.go:97.2,98.34 2 4
digital.vasic.lava.apigo/internal/archiveorg/search.go:98.34,100.3 1 2
digital.vasic.lava.apigo/internal/archiveorg/search.go:101.2,101.20 1 4
digital.vasic.lava.apigo/internal/archiveorg/search.go:101.20,103.3 1 2
digital.vasic.lava.apigo/internal/archiveorg/search.go:105.2,109.8 1 4
digital.vasic.lava.apigo/internal/archiveorg/topic.go:49.86,51.16 2 3
digital.vasic.lava.apigo/internal/archiveorg/topic.go:51.16,53.3 1 0
digital.vasic.lava.apigo/internal/archiveorg/topic.go:55.2,56.50 2 3
digital.vasic.lava.apigo/internal/archiveorg/topic.go:56.50,58.3 1 0
digital.vasic.lava.apigo/internal/archiveorg/topic.go:60.2,64.32 2 3
digital.vasic.lava.apigo/internal/archiveorg/topic.go:64.32,66.3 1 2
digital.vasic.lava.apigo/internal/archiveorg/topic.go:67.2,67.36 1 3
digital.vasic.lava.apigo/internal/archiveorg/topic.go:67.36,69.3 1 1
digital.vasic.lava.apigo/internal/archiveorg/topic.go:70.2,70.29 1 3
digital.vasic.lava.apigo/internal/archiveorg/topic.go:70.29,72.3 1 1
digital.vasic.lava.apigo/internal/archiveorg/topic.go:73.2,73.34 1 3
digital.vasic.lava.apigo/internal/archiveorg/topic.go:73.34,75.3 1 1
digital.vasic.lava.apigo/internal/archiveorg/topic.go:77.2,78.29 2 3
digital.vasic.lava.apigo/internal/archiveorg/topic.go:78.29,80.20 2 3
digital.vasic.lava.apigo/internal/archiveorg/topic.go:80.20,82.4 1 1
digital.vasic.lava.apigo/internal/archiveorg/topic.go:83.3,83.22 1 3
digital.vasic.lava.apigo/internal/archiveorg/topic.go:83.22,85.4 1 2
digital.vasic.lava.apigo/internal/archiveorg/topic.go:86.3,86.22 1 3
digital.vasic.lava.apigo/internal/archiveorg/topic.go:86.22,88.4 1 0
digital.vasic.lava.apigo/internal/archiveorg/topic.go:89.3,89.28 1 3
digital.vasic.lava.apigo/internal/archiveorg/topic.go:91.2,93.21 2 3
digital.vasic.lava.apigo/internal/auth/backoff.go:32.86,34.30 2 5
digital.vasic.lava.apigo/internal/auth/backoff.go:34.30,38.14 4 5
digital.vasic.lava.apigo/internal/auth/backoff.go:38.14,40.19 2 3
digital.vasic.lava.apigo/internal/auth/backoff.go:40.19,42.5 1 0
digital.vasic.lava.apigo/internal/auth/backoff.go:43.4,48.10 3 3
digital.vasic.lava.apigo/internal/auth/backoff.go:50.3,50.11 1 2
digital.vasic.lava.apigo/internal/auth/backoff.go:58.67,60.16 2 5
digital.vasic.lava.apigo/internal/auth/backoff.go:60.16,66.3 1 0
digital.vasic.lava.apigo/internal/auth/backoff.go:67.2,68.16 2 5
digital.vasic.lava.apigo/internal/auth/backoff.go:68.16,70.3 1 0
digital.vasic.lava.apigo/internal/auth/backoff.go:71.2,71.28 1 5
digital.vasic.lava.apigo/internal/auth/backoff.go:71.28,72.22 1 2
digital.vasic.lava.apigo/internal/auth/backoff.go:72.22,74.17 2 1
digital.vasic.lava.apigo/internal/auth/backoff.go:74.17,77.5 2 1
digital.vasic.lava.apigo/internal/auth/backoff.go:80.2,80.15 1 4
digital.vasic.lava.apigo/internal/auth/backoff.go:85.42,87.22 2 5
digital.vasic.lava.apigo/internal/auth/backoff.go:87.22,89.14 2 2
digital.vasic.lava.apigo/internal/auth/backoff.go:89.14,90.12 1 0
digital.vasic.lava.apigo/internal/auth/backoff.go:92.3,93.17 2 2
digital.vasic.lava.apigo/internal/auth/backoff.go:93.17,94.12 1 0
digital.vasic.lava.apigo/internal/auth/backoff.go:96.3,96.23 1 2
digital.vasic.lava.apigo/internal/auth/backoff.go:98.2,98.12 1 5
digital.vasic.lava.apigo/internal/auth/middleware.go:47.74,55.30 7 8
digital.vasic.lava.apigo/internal/auth/middleware.go:55.30,57.16 2 8
digital.vasic.lava.apigo/internal/auth/middleware.go:57.16,60.4 2 2
digital.vasic.lava.apigo/internal/auth/middleware.go:61.3,62.35 2 6
digital.vasic.lava.apigo/internal/auth/middleware.go:62.35,66.4 3 1
digital.vasic.lava.apigo/internal/auth/middleware.go:68.3,70.23 2 5
digital.vasic.lava.apigo/internal/auth/middleware.go:70.23,72.4 1 80
digital.vasic.lava.apigo/internal/auth/middleware.go:74.3,74.58 1 5
digital.vasic.lava.apigo/internal/auth/middleware.go:74.58,79.4 4 2
digital.vasic.lava.apigo/internal/auth/middleware.go:81.3,81.59 1 3
digital.vasic.lava.apigo/internal/auth/middleware.go:81.59,89.4 2 2
digital.vasic.lava.apigo/internal/auth/middleware.go:92.3,93.81 2 1
digital.vasic.lava.apigo/internal/auth/middleware.go:101.77,105.22 4 8
digital.vasic.lava.apigo/internal/auth/middleware.go:105.22,107.14 2 4
digital.vasic.lava.apigo/internal/auth/middleware.go:107.14,110.4 2 4
digital.vasic.lava.apigo/internal/auth/middleware.go:112.2,112.30 1 8
digital.vasic.lava.apigo/internal/auth/middleware.go:118.47,122.2 3 9
digital.vasic.lava.apigo/internal/auth/middleware.go:128.51,130.2 1 4
digital.vasic.lava.apigo/internal/auth/multiprovider.go:35.55,36.18 1 8
digital.vasic.lava.apigo/internal/auth/multiprovider.go:36.18,38.3 1 1
digital.vasic.lava.apigo/internal/auth/multiprovider.go:42.2,42.36 1 7
digital.vasic.lava.apigo/internal/auth/multiprovider.go:42.36,50.3 1 2
digital.vasic.lava.apigo/internal/auth/multiprovider.go:52.2,53.20 2 5
digital.vasic.lava.apigo/internal/auth/multiprovider.go:53.20,55.3 1 0
digital.vasic.lava.apigo/internal/auth/multiprovider.go:57.2,60.21 4 5
digital.vasic.lava.apigo/internal/auth/multiprovider.go:60.21,62.3 1 4
digital.vasic.lava.apigo/internal/auth/multiprovider.go:64.2,65.18 2 5
digital.vasic.lava.apigo/internal/auth/multiprovider.go:66.16,67.32 1 1
digital.vasic.lava.apigo/internal/auth/multiprovider.go:68.15,69.26 1 1
digital.vasic.lava.apigo/internal/auth/multiprovider.go:70.16,71.27 1 1
digital.vasic.lava.apigo/internal/auth/multiprovider.go:72.18,75.24 2 1
digital.vasic.lava.apigo/internal/auth/multiprovider.go:75.24,78.4 2 1
digital.vasic.lava.apigo/internal/auth/multiprovider.go:79.14,79.14 0 1
digital.vasic.lava.apigo/internal/auth/multiprovider.go:83.2,86.3 1 5
digital.vasic.lava.apigo/internal/auth/multiprovider.go:90.62,93.2 2 0
digital.vasic.lava.apigo/internal/auth/passthrough.go:29.40,31.15 2 10
digital.vasic.lava.apigo/internal/auth/passthrough.go:31.15,33.3 1 3
digital.vasic.lava.apigo/internal/auth/passthrough.go:34.2,35.35 2 7
digital.vasic.lava.apigo/internal/auth/passthrough.go:65.45,67.15 2 7
digital.vasic.lava.apigo/internal/auth/passthrough.go:67.15,69.3 1 2
digital.vasic.lava.apigo/internal/auth/passthrough.go:73.2,73.32 1 5
digital.vasic.lava.apigo/internal/auth/passthrough.go:73.32,75.3 1 3
digital.vasic.lava.apigo/internal/auth/passthrough.go:79.2,79.28 1 2
digital.vasic.lava.apigo/internal/auth/passthrough.go:84.38,85.30 1 2
digital.vasic.lava.apigo/internal/auth/passthrough.go:85.30,88.3 2 2
digital.vasic.lava.apigo/internal/auth/passthrough.go:92.45,96.2 3 3
digital.vasic.lava.apigo/internal/cache/cache.go:19.124,21.26 2 8
digital.vasic.lava.apigo/internal/cache/cache.go:21.26,23.3 1 4
digital.vasic.lava.apigo/internal/cache/cache.go:24.2,26.29 3 8
digital.vasic.lava.apigo/internal/cache/cache.go:26.29,28.3 1 4
digital.vasic.lava.apigo/internal/cache/cache.go:29.2,30.23 2 8
digital.vasic.lava.apigo/internal/cache/cache.go:30.23,32.3 1 4
digital.vasic.lava.apigo/internal/cache/cache.go:33.2,35.30 3 8
digital.vasic.lava.apigo/internal/cache/cache.go:35.30,37.19 2 4
digital.vasic.lava.apigo/internal/cache/cache.go:37.19,38.12 1 0
digital.vasic.lava.apigo/internal/cache/cache.go:42.3,44.69 3 4
digital.vasic.lava.apigo/internal/cache/cache.go:46.2,46.25 1 8
digital.vasic.lava.apigo/internal/cache/cache.go:46.25,48.3 1 3
digital.vasic.lava.apigo/internal/cache/cache.go:49.2,57.35 3 8
digital.vasic.lava.apigo/internal/cache/cache.go:77.41,77.73 1 0
digital.vasic.lava.apigo/internal/cache/cache.go:82.80,84.16 2 0
digital.vasic.lava.apigo/internal/cache/cache.go:84.16,86.3 1 0
digital.vasic.lava.apigo/internal/cache/cache.go:87.2,87.14 1 0
digital.vasic.lava.apigo/internal/cache/cache.go:87.14,89.3 1 0
digital.vasic.lava.apigo/internal/cache/cache.go:90.2,90.27 1 0
digital.vasic.lava.apigo/internal/cache/cache.go:94.94,96.2 1 0
digital.vasic.lava.apigo/internal/cache/cache.go:99.68,101.2 1 0
digital.vasic.lava.apigo/internal/config/config.go:87.30,115.29 3 13
digital.vasic.lava.apigo/internal/config/config.go:115.29,117.3 1 1
digital.vasic.lava.apigo/internal/config/config.go:119.2,120.21 2 12
digital.vasic.lava.apigo/internal/config/config.go:120.21,122.3 1 1
digital.vasic.lava.apigo/internal/config/config.go:123.2,124.16 2 11
digital.vasic.lava.apigo/internal/config/config.go:124.16,126.3 1 1
digital.vasic.lava.apigo/internal/config/config.go:127.2,127.22 1 10
digital.vasic.lava.apigo/internal/config/config.go:127.22,129.3 1 1
digital.vasic.lava.apigo/internal/config/config.go:130.2,133.16 3 9
digital.vasic.lava.apigo/internal/config/config.go:133.16,135.3 1 0
digital.vasic.lava.apigo/internal/config/config.go:136.2,137.16 2 9
digital.vasic.lava.apigo/internal/config/config.go:137.16,139.3 1 0
digital.vasic.lava.apigo/internal/config/config.go:141.2,143.16 3 9
digital.vasic.lava.apigo/internal/config/config.go:143.16,145.3 1 0
digital.vasic.lava.apigo/internal/config/config.go:147.2,163.28 9 9
digital.vasic.lava.apigo/internal/config/config.go:164.23,165.22 1 6
digital.vasic.lava.apigo/internal/config/config.go:165.22,167.4 1 2
digital.vasic.lava.apigo/internal/config/config.go:168.21,169.27 1 2
digital.vasic.lava.apigo/internal/config/config.go:169.27,171.4 1 1
digital.vasic.lava.apigo/internal/config/config.go:172.10,174.55 1 1
digital.vasic.lava.apigo/internal/config/config.go:176.2,176.51 1 5
digital.vasic.lava.apigo/internal/config/config.go:176.51,178.3 1 1
digital.vasic.lava.apigo/internal/config/config.go:179.2,179.22 1 4
digital.vasic.lava.apigo/internal/config/config.go:179.22,181.3 1 0
digital.vasic.lava.apigo/internal/config/config.go:182.2,182.47 1 4
digital.vasic.lava.apigo/internal/config/config.go:182.47,184.3 1 1
digital.vasic.lava.apigo/internal/config/config.go:185.2,185.17 1 3
digital.vasic.lava.apigo/internal/config/config.go:188.41,189.34 1 100
digital.vasic.lava.apigo/internal/config/config.go:189.34,191.3 1 7
digital.vasic.lava.apigo/internal/config/config.go:192.2,192.12 1 93
digital.vasic.lava.apigo/internal/config/config.go:195.38,196.34 1 31
digital.vasic.lava.apigo/internal/config/config.go:196.34,197.44 1 1
digital.vasic.lava.apigo/internal/config/config.go:197.44,199.4 1 1
digital.vasic.lava.apigo/internal/config/config.go:201.2,201.12 1 30
digital.vasic.lava.apigo/internal/config/config.go:204.63,205.34 1 39
digital.vasic.lava.apigo/internal/config/config.go:205.34,206.50 1 0
digital.vasic.lava.apigo/internal/config/config.go:206.50,208.4 1 0
digital.vasic.lava.apigo/internal/config/config.go:210.2,210.12 1 39
digital.vasic.lava.apigo/internal/config/config.go:216.77,218.15 2 26
digital.vasic.lava.apigo/internal/config/config.go:218.15,220.3 1 19
digital.vasic.lava.apigo/internal/config/config.go:221.2,221.48 1 7
digital.vasic.lava.apigo/internal/config/config.go:221.48,223.18 2 8
digital.vasic.lava.apigo/internal/config/config.go:223.18,224.12 1 0
digital.vasic.lava.apigo/internal/config/config.go:226.3,227.16 2 8
digital.vasic.lava.apigo/internal/config/config.go:227.16,229.4 1 1
digital.vasic.lava.apigo/internal/config/config.go:230.3,233.17 4 7
digital.vasic.lava.apigo/internal/config/config.go:233.17,235.4 1 1
digital.vasic.lava.apigo/internal/config/config.go:236.3,239.28 3 6
digital.vasic.lava.apigo/internal/config/config.go:239.28,241.4 1 96
digital.vasic.lava.apigo/internal/config/config.go:242.3,242.45 1 6
digital.vasic.lava.apigo/internal/config/config.go:244.2,244.17 1 5
digital.vasic.lava.apigo/internal/config/config.go:248.42,250.25 2 10
digital.vasic.lava.apigo/internal/config/config.go:250.25,252.3 1 2
digital.vasic.lava.apigo/internal/config/config.go:253.2,254.26 2 8
digital.vasic.lava.apigo/internal/config/config.go:254.26,256.17 2 113
digital.vasic.lava.apigo/internal/config/config.go:256.17,258.4 1 1
digital.vasic.lava.apigo/internal/config/config.go:259.3,259.19 1 112
digital.vasic.lava.apigo/internal/config/config.go:261.2,261.17 1 7
digital.vasic.lava.apigo/internal/config/config.go:274.61,275.34 1 14
digital.vasic.lava.apigo/internal/config/config.go:275.34,277.3 1 2
digital.vasic.lava.apigo/internal/config/config.go:278.2,281.26 4 12
digital.vasic.lava.apigo/internal/config/config.go:281.26,284.17 3 60
digital.vasic.lava.apigo/internal/config/config.go:284.17,286.4 1 1
digital.vasic.lava.apigo/internal/config/config.go:287.3,287.15 1 59
digital.vasic.lava.apigo/internal/config/config.go:287.15,289.4 1 1
digital.vasic.lava.apigo/internal/config/config.go:290.3,291.23 2 58
digital.vasic.lava.apigo/internal/config/config.go:293.2,293.17 1 10
digital.vasic.lava.apigo/internal/config/config.go:297.34,298.13 1 11
digital.vasic.lava.apigo/internal/config/config.go:298.13,300.3 1 10
digital.vasic.lava.apigo/internal/config/config.go:301.2,302.21 2 1
digital.vasic.lava.apigo/internal/config/config.go:302.21,304.3 1 3
digital.vasic.lava.apigo/internal/config/config.go:305.2,305.12 1 1
digital.vasic.lava.apigo/internal/config/config.go:318.41,320.13 2 40
digital.vasic.lava.apigo/internal/config/config.go:320.13,322.3 1 37
digital.vasic.lava.apigo/internal/config/config.go:323.2,324.16 2 3
digital.vasic.lava.apigo/internal/config/config.go:324.16,330.3 2 1
digital.vasic.lava.apigo/internal/config/config.go:331.2,331.10 1 2
digital.vasic.lava.apigo/cmd/lava-api-go/main.go:63.13,69.11 5 0
digital.vasic.lava.apigo/cmd/lava-api-go/main.go:69.11,72.3 2 0
digital.vasic.lava.apigo/cmd/lava-api-go/main.go:73.2,73.18 1 0
digital.vasic.lava.apigo/cmd/lava-api-go/main.go:73.18,76.3 2 0
digital.vasic.lava.apigo/cmd/lava-api-go/main.go:78.2,78.30 1 0
digital.vasic.lava.apigo/cmd/lava-api-go/main.go:78.30,81.3 2 0
digital.vasic.lava.apigo/cmd/lava-api-go/main.go:86.18,88.16 2 0
digital.vasic.lava.apigo/cmd/lava-api-go/main.go:88.16,90.3 1 0
digital.vasic.lava.apigo/cmd/lava-api-go/main.go:92.2,108.16 7 0
digital.vasic.lava.apigo/cmd/lava-api-go/main.go:108.16,113.3 2 0
digital.vasic.lava.apigo/cmd/lava-api-go/main.go:120.2,121.16 2 0
digital.vasic.lava.apigo/cmd/lava-api-go/main.go:121.16,123.3 1 0
digital.vasic.lava.apigo/cmd/lava-api-go/main.go:124.2,124.15 1 0
digital.vasic.lava.apigo/cmd/lava-api-go/main.go:124.15,124.36 1 0
digital.vasic.lava.apigo/cmd/lava-api-go/main.go:125.2,148.27 11 0
digital.vasic.lava.apigo/cmd/lava-api-go/main.go:148.27,150.3 1 0
digital.vasic.lava.apigo/cmd/lava-api-go/main.go:150.8,152.3 1 0
digital.vasic.lava.apigo/cmd/lava-api-go/main.go:159.2,174.16 4 0
digital.vasic.lava.apigo/cmd/lava-api-go/main.go:174.16,176.3 1 0
digital.vasic.lava.apigo/cmd/lava-api-go/main.go:178.2,185.16 2 0
digital.vasic.lava.apigo/cmd/lava-api-go/main.go:185.16,187.3 1 0
digital.vasic.lava.apigo/cmd/lava-api-go/main.go:189.2,190.20 2 0
digital.vasic.lava.apigo/cmd/lava-api-go/main.go:190.20,192.3 1 0
digital.vasic.lava.apigo/cmd/lava-api-go/main.go:192.8,194.3 1 0
digital.vasic.lava.apigo/cmd/lava-api-go/main.go:196.2,197.12 2 0
digital.vasic.lava.apigo/cmd/lava-api-go/main.go:197.12,199.58 2 0
digital.vasic.lava.apigo/cmd/lava-api-go/main.go:199.58,202.4 2 0
digital.vasic.lava.apigo/cmd/lava-api-go/main.go:203.3,203.20 1 0
digital.vasic.lava.apigo/cmd/lava-api-go/main.go:205.2,210.9 4 0
digital.vasic.lava.apigo/cmd/lava-api-go/main.go:211.22,212.86 1 0
digital.vasic.lava.apigo/cmd/lava-api-go/main.go:213.27,214.17 1 0
digital.vasic.lava.apigo/cmd/lava-api-go/main.go:214.17,216.4 1 0
digital.vasic.lava.apigo/cmd/lava-api-go/main.go:219.2,219.24 1 0
digital.vasic.lava.apigo/cmd/lava-api-go/main.go:219.24,221.3 1 0
digital.vasic.lava.apigo/cmd/lava-api-go/main.go:223.2,225.50 3 0
digital.vasic.lava.apigo/cmd/lava-api-go/main.go:225.50,227.3 1 0
digital.vasic.lava.apigo/cmd/lava-api-go/main.go:229.2,229.19 1 0
digital.vasic.lava.apigo/cmd/lava-api-go/main.go:229.19,230.54 1 0
digital.vasic.lava.apigo/cmd/lava-api-go/main.go:230.54,232.4 1 0
digital.vasic.lava.apigo/cmd/lava-api-go/main.go:235.2,236.12 2 0
digital.vasic.lava.apigo/cmd/lava-api-go/main.go:243.67,245.16 2 0
digital.vasic.lava.apigo/cmd/lava-api-go/main.go:245.16,247.3 1 0
digital.vasic.lava.apigo/cmd/lava-api-go/main.go:248.2,252.8 1 0
digital.vasic.lava.apigo/cmd/lava-api-go/main.go:255.43,256.34 1 0
digital.vasic.lava.apigo/cmd/lava-api-go/main.go:256.34,258.3 1 0
digital.vasic.lava.apigo/cmd/lava-api-go/main.go:259.2,259.12 1 0
digital.vasic.lava.apigo/cmd/lava-api-go/main.go:262.18,285.2 1 0
digital.vasic.lava.apigo/internal/discovery/mdns.go:58.81,59.20 1 3
digital.vasic.lava.apigo/internal/discovery/mdns.go:59.20,61.3 1 0
digital.vasic.lava.apigo/internal/discovery/mdns.go:62.2,62.23 1 3
digital.vasic.lava.apigo/internal/discovery/mdns.go:62.23,64.3 1 0
digital.vasic.lava.apigo/internal/discovery/mdns.go:65.2,65.15 1 3
digital.vasic.lava.apigo/internal/discovery/mdns.go:65.15,67.3 1 0
digital.vasic.lava.apigo/internal/discovery/mdns.go:68.2,80.4 1 3
digital.vasic.lava.apigo/internal/firebase/firebase.go:70.29,72.19 2 5
digital.vasic.lava.apigo/internal/firebase/firebase.go:72.19,74.3 1 0
digital.vasic.lava.apigo/internal/firebase/firebase.go:76.2,77.20 2 5
digital.vasic.lava.apigo/internal/firebase/firebase.go:77.20,79.3 1 2
digital.vasic.lava.apigo/internal/firebase/firebase.go:81.2,81.20 1 5
digital.vasic.lava.apigo/internal/firebase/firebase.go:81.20,84.3 2 2
digital.vasic.lava.apigo/internal/firebase/firebase.go:85.2,85.45 1 3
digital.vasic.lava.apigo/internal/firebase/firebase.go:85.45,89.3 2 1
digital.vasic.lava.apigo/internal/firebase/firebase.go:91.2,95.3 1 2
digital.vasic.lava.apigo/internal/firebase/firebase.go:106.95,112.2 2 1
digital.vasic.lava.apigo/internal/firebase/firebase.go:114.99,120.2 2 1
digital.vasic.lava.apigo/internal/firebase/firebase.go:122.40,122.56 1 3
digital.vasic.lava.apigo/internal/firebase/firebase.go:143.98,149.2 2 0
digital.vasic.lava.apigo/internal/firebase/firebase.go:151.102,152.16 1 1
digital.vasic.lava.apigo/internal/firebase/firebase.go:152.16,154.3 1 1
digital.vasic.lava.apigo/internal/firebase/firebase.go:155.2,159.12 2 0
digital.vasic.lava.apigo/internal/firebase/firebase.go:162.41,162.56 1 2
digital.vasic.lava.apigo/internal/firebase/firebase.go:168.37,169.14 1 3
digital.vasic.lava.apigo/internal/firebase/firebase.go:169.14,171.3 1 1
digital.vasic.lava.apigo/internal/firebase/firebase.go:172.2,172.20 1 2
digital.vasic.lava.apigo/internal/firebase/firebase.go:172.20,174.3 1 1
digital.vasic.lava.apigo/internal/firebase/firebase.go:175.2,175.74 1 1
digital.vasic.lava.apigo/internal/gen/server/api.gen.go:29.58,30.11 1 0
digital.vasic.lava.apigo/internal/gen/server/api.gen.go:31.23,32.14 1 0
digital.vasic.lava.apigo/internal/gen/server/api.gen.go:33.10,34.15 1 0
digital.vasic.lava.apigo/internal/gen/server/api.gen.go:44.61,45.11 1 0
digital.vasic.lava.apigo/internal/gen/server/api.gen.go:46.26,47.14 1 0
digital.vasic.lava.apigo/internal/gen/server/api.gen.go:48.10,49.15 1 0
digital.vasic.lava.apigo/internal/gen/server/api.gen.go:59.50,60.11 1 0
digital.vasic.lava.apigo/internal/gen/server/api.gen.go:61.15,62.14 1 0
digital.vasic.lava.apigo/internal/gen/server/api.gen.go:63.10,64.15 1 0
digital.vasic.lava.apigo/internal/gen/server/api.gen.go:74.55,75.11 1 0
digital.vasic.lava.apigo/internal/gen/server/api.gen.go:76.20,77.14 1 0
digital.vasic.lava.apigo/internal/gen/server/api.gen.go:78.10,79.15 1 0
digital.vasic.lava.apigo/internal/gen/server/api.gen.go:89.41,90.11 1 0
digital.vasic.lava.apigo/internal/gen/server/api.gen.go:91.11,92.14 1 0
digital.vasic.lava.apigo/internal/gen/server/api.gen.go:93.10,94.15 1 0
digital.vasic.lava.apigo/internal/gen/server/api.gen.go:104.42,105.11 1 0
digital.vasic.lava.apigo/internal/gen/server/api.gen.go:106.12,107.14 1 0
digital.vasic.lava.apigo/internal/gen/server/api.gen.go:108.10,109.15 1 0
digital.vasic.lava.apigo/internal/gen/server/api.gen.go:119.53,120.11 1 0
digital.vasic.lava.apigo/internal/gen/server/api.gen.go:121.20,122.14 1 0
digital.vasic.lava.apigo/internal/gen/server/api.gen.go:123.10,124.15 1 0
digital.vasic.lava.apigo/internal/gen/server/api.gen.go:134.46,135.11 1 0
digital.vasic.lava.apigo/internal/gen/server/api.gen.go:136.13,137.14 1 0
digital.vasic.lava.apigo/internal/gen/server/api.gen.go:138.10,139.15 1 0
digital.vasic.lava.apigo/internal/gen/server/api.gen.go:149.48,150.11 1 0
digital.vasic.lava.apigo/internal/gen/server/api.gen.go:151.15,152.14 1 0
digital.vasic.lava.apigo/internal/gen/server/api.gen.go:153.10,154.15 1 0
digital.vasic.lava.apigo/internal/gen/server/api.gen.go:167.49,168.11 1 0
digital.vasic.lava.apigo/internal/gen/server/api.gen.go:169.14,170.14 1 0
digital.vasic.lava.apigo/internal/gen/server/api.gen.go:171.15,172.14 1 0
digital.vasic.lava.apigo/internal/gen/server/api.gen.go:173.12,174.14 1 0
digital.vasic.lava.apigo/internal/gen/server/api.gen.go:175.13,176.14 1 0
digital.vasic.lava.apigo/internal/gen/server/api.gen.go:177.10,178.15 1 0
digital.vasic.lava.apigo/internal/gen/server/api.gen.go:188.44,189.11 1 0
digital.vasic.lava.apigo/internal/gen/server/api.gen.go:190.13,191.14 1 0
digital.vasic.lava.apigo/internal/gen/server/api.gen.go:192.10,193.15 1 0
digital.vasic.lava.apigo/internal/gen/server/api.gen.go:203.43,204.11 1 0
digital.vasic.lava.apigo/internal/gen/server/api.gen.go:205.12,206.14 1 0
digital.vasic.lava.apigo/internal/gen/server/api.gen.go:207.10,208.15 1 0
digital.vasic.lava.apigo/internal/gen/server/api.gen.go:218.42,219.11 1 0
digital.vasic.lava.apigo/internal/gen/server/api.gen.go:220.11,221.14 1 0
digital.vasic.lava.apigo/internal/gen/server/api.gen.go:222.10,223.15 1 0
digital.vasic.lava.apigo/internal/gen/server/api.gen.go:233.41,234.11 1 0
digital.vasic.lava.apigo/internal/gen/server/api.gen.go:235.10,236.14 1 0
digital.vasic.lava.apigo/internal/gen/server/api.gen.go:237.10,238.15 1 0
digital.vasic.lava.apigo/internal/gen/server/api.gen.go:248.43,249.11 1 0
digital.vasic.lava.apigo/internal/gen/server/api.gen.go:250.12,251.14 1 0
digital.vasic.lava.apigo/internal/gen/server/api.gen.go:252.10,253.15 1 0
digital.vasic.lava.apigo/internal/gen/server/api.gen.go:263.44,264.11 1 0
digital.vasic.lava.apigo/internal/gen/server/api.gen.go:265.13,266.14 1 0
digital.vasic.lava.apigo/internal/gen/server/api.gen.go:267.10,268.15 1 0
digital.vasic.lava.apigo/internal/gen/server/api.gen.go:278.46,279.11 1 0
digital.vasic.lava.apigo/internal/gen/server/api.gen.go:280.15,281.14 1 0
digital.vasic.lava.apigo/internal/gen/server/api.gen.go:282.10,283.15 1 0
digital.vasic.lava.apigo/internal/gen/server/api.gen.go:293.41,294.11 1 0
digital.vasic.lava.apigo/internal/gen/server/api.gen.go:295.10,296.14 1 0
digital.vasic.lava.apigo/internal/gen/server/api.gen.go:297.10,298.15 1 0
digital.vasic.lava.apigo/internal/gen/server/api.gen.go:308.44,309.11 1 0
digital.vasic.lava.apigo/internal/gen/server/api.gen.go:310.13,311.14 1 0
digital.vasic.lava.apigo/internal/gen/server/api.gen.go:312.10,313.15 1 0
digital.vasic.lava.apigo/internal/gen/server/api.gen.go:326.56,327.11 1 0
digital.vasic.lava.apigo/internal/gen/server/api.gen.go:328.14,329.14 1 0
digital.vasic.lava.apigo/internal/gen/server/api.gen.go:330.11,331.14 1 0
digital.vasic.lava.apigo/internal/gen/server/api.gen.go:332.13,333.14 1 0
digital.vasic.lava.apigo/internal/gen/server/api.gen.go:334.11,335.14 1 0
digital.vasic.lava.apigo/internal/gen/server/api.gen.go:336.10,337.15 1 0
digital.vasic.lava.apigo/internal/gen/server/api.gen.go:347.51,348.11 1 0
digital.vasic.lava.apigo/internal/gen/server/api.gen.go:349.20,350.14 1 0
digital.vasic.lava.apigo/internal/gen/server/api.gen.go:351.10,352.15 1 0
digital.vasic.lava.apigo/internal/gen/server/api.gen.go:362.45,363.11 1 0
digital.vasic.lava.apigo/internal/gen/server/api.gen.go:364.14,365.14 1 0
digital.vasic.lava.apigo/internal/gen/server/api.gen.go:366.10,367.15 1 0
digital.vasic.lava.apigo/internal/gen/server/api.gen.go:377.43,378.11 1 0
digital.vasic.lava.apigo/internal/gen/server/api.gen.go:379.12,380.14 1 0
digital.vasic.lava.apigo/internal/gen/server/api.gen.go:381.10,382.15 1 0
digital.vasic.lava.apigo/internal/gen/server/api.gen.go:392.43,393.11 1 0
digital.vasic.lava.apigo/internal/gen/server/api.gen.go:394.12,395.14 1 0
digital.vasic.lava.apigo/internal/gen/server/api.gen.go:396.10,397.15 1 0
digital.vasic.lava.apigo/internal/gen/server/api.gen.go:407.45,408.11 1 0
digital.vasic.lava.apigo/internal/gen/server/api.gen.go:409.14,410.14 1 0
digital.vasic.lava.apigo/internal/gen/server/api.gen.go:411.10,412.15 1 0
digital.vasic.lava.apigo/internal/gen/server/api.gen.go:422.44,423.11 1 0
digital.vasic.lava.apigo/internal/gen/server/api.gen.go:424.13,425.14 1 0
digital.vasic.lava.apigo/internal/gen/server/api.gen.go:426.10,427.15 1 0
digital.vasic.lava.apigo/internal/gen/server/api.gen.go:437.43,438.11 1 0
digital.vasic.lava.apigo/internal/gen/server/api.gen.go:439.31,440.14 1 0
digital.vasic.lava.apigo/internal/gen/server/api.gen.go:441.10,442.15 1 0
digital.vasic.lava.apigo/internal/gen/server/api.gen.go:452.46,453.11 1 0
digital.vasic.lava.apigo/internal/gen/server/api.gen.go:454.15,455.14 1 0
digital.vasic.lava.apigo/internal/gen/server/api.gen.go:456.10,457.15 1 0
digital.vasic.lava.apigo/internal/gen/server/api.gen.go:467.43,468.11 1 0
digital.vasic.lava.apigo/internal/gen/server/api.gen.go:469.12,470.14 1 0
digital.vasic.lava.apigo/internal/gen/server/api.gen.go:471.10,472.15 1 0
digital.vasic.lava.apigo/internal/gen/server/api.gen.go:482.49,483.11 1 0
digital.vasic.lava.apigo/internal/gen/server/api.gen.go:484.18,485.14 1 0
digital.vasic.lava.apigo/internal/gen/server/api.gen.go:486.10,487.15 1 0
digital.vasic.lava.apigo/internal/gen/server/api.gen.go:502.39,503.11 1 0
digital.vasic.lava.apigo/internal/gen/server/api.gen.go:504.15,505.14 1 0
digital.vasic.lava.apigo/internal/gen/server/api.gen.go:506.17,507.14 1 0
digital.vasic.lava.apigo/internal/gen/server/api.gen.go:508.21,509.14 1 0
digital.vasic.lava.apigo/internal/gen/server/api.gen.go:510.20,511.14 1 0
digital.vasic.lava.apigo/internal/gen/server/api.gen.go:512.16,513.14 1 0
digital.vasic.lava.apigo/internal/gen/server/api.gen.go:514.13,515.14 1 0
digital.vasic.lava.apigo/internal/gen/server/api.gen.go:516.10,517.15 1 0
digital.vasic.lava.apigo/internal/gen/server/api.gen.go:528.42,529.11 1 0
digital.vasic.lava.apigo/internal/gen/server/api.gen.go:530.17,531.14 1 0
digital.vasic.lava.apigo/internal/gen/server/api.gen.go:532.18,533.14 1 0
digital.vasic.lava.apigo/internal/gen/server/api.gen.go:534.10,535.15 1 0
digital.vasic.lava.apigo/internal/gen/server/api.gen.go:550.41,551.11 1 0
digital.vasic.lava.apigo/internal/gen/server/api.gen.go:552.29,553.14 1 0
digital.vasic.lava.apigo/internal/gen/server/api.gen.go:554.35,555.14 1 0
digital.vasic.lava.apigo/internal/gen/server/api.gen.go:556.32,557.14 1 0
digital.vasic.lava.apigo/internal/gen/server/api.gen.go:558.30,559.14 1 0
digital.vasic.lava.apigo/internal/gen/server/api.gen.go:560.29,561.14 1 0
digital.vasic.lava.apigo/internal/gen/server/api.gen.go:562.30,563.14 1 0
digital.vasic.lava.apigo/internal/gen/server/api.gen.go:564.10,565.15 1 0
digital.vasic.lava.apigo/internal/gen/server/api.gen.go:582.40,583.11 1 0
digital.vasic.lava.apigo/internal/gen/server/api.gen.go:584.16,585.14 1 0
digital.vasic.lava.apigo/internal/gen/server/api.gen.go:586.16,587.14 1 0
digital.vasic.lava.apigo/internal/gen/server/api.gen.go:588.14,589.14 1 0
digital.vasic.lava.apigo/internal/gen/server/api.gen.go:590.16,591.14 1 0
digital.vasic.lava.apigo/internal/gen/server/api.gen.go:592.17,593.14 1 0
digital.vasic.lava.apigo/internal/gen/server/api.gen.go:594.16,595.14 1 0
digital.vasic.lava.apigo/internal/gen/server/api.gen.go:596.21,597.14 1 0
digital.vasic.lava.apigo/internal/gen/server/api.gen.go:598.19,599.14 1 0
digital.vasic.lava.apigo/internal/gen/server/api.gen.go:600.10,601.15 1 0
digital.vasic.lava.apigo/internal/gen/server/api.gen.go:1243.85,1247.2 3 0
digital.vasic.lava.apigo/internal/gen/server/api.gen.go:1250.86,1255.2 4 0
digital.vasic.lava.apigo/internal/gen/server/api.gen.go:1258.87,1261.16 3 0
digital.vasic.lava.apigo/internal/gen/server/api.gen.go:1261.16,1263.3 1 0
digital.vasic.lava.apigo/internal/gen/server/api.gen.go:1265.2,1267.12 3 0
digital.vasic.lava.apigo/internal/gen/server/api.gen.go:1271.95,1275.2 3 0
digital.vasic.lava.apigo/internal/gen/server/api.gen.go:1278.96,1283.2 4 0
digital.vasic.lava.apigo/internal/gen/server/api.gen.go:1286.97,1289.16 3 0
digital.vasic.lava.apigo/internal/gen/server/api.gen.go:1289.16,1291.3 1 0
digital.vasic.lava.apigo/internal/gen/server/api.gen.go:1293.2,1295.12 3 0
digital.vasic.lava.apigo/internal/gen/server/api.gen.go:1299.101,1303.2 3 0
digital.vasic.lava.apigo/internal/gen/server/api.gen.go:1306.102,1311.2 4 0
digital.vasic.lava.apigo/internal/gen/server/api.gen.go:1314.103,1317.16 3 0
digital.vasic.lava.apigo/internal/gen/server/api.gen.go:1317.16,1319.3 1 0
digital.vasic.lava.apigo/internal/gen/server/api.gen.go:1321.2,1323.12 3 0
digital.vasic.lava.apigo/internal/gen/server/api.gen.go:1327.107,1331.2 3 0
digital.vasic.lava.apigo/internal/gen/server/api.gen.go:1334.108,1339.2 4 0
digital.vasic.lava.apigo/internal/gen/server/api.gen.go:1342.109,1345.16 3 0
digital.vasic.lava.apigo/internal/gen/server/api.gen.go:1345.16,1347.3 1 0
digital.vasic.lava.apigo/internal/gen/server/api.gen.go:1349.2,1351.12 3 0
digital.vasic.lava.apigo/internal/gen/server/api.gen.go:1354.58,1360.2 3 0
digital.vasic.lava.apigo/internal/gen/server/api.gen.go:1362.70,1364.16 2 0
digital.vasic.lava.apigo/internal/gen/server/api.gen.go:1364.16,1366.3 1 0
digital.vasic.lava.apigo/internal/gen/server/api.gen.go:1367.2,1367.23 1 0
digital.vasic.lava.apigo/internal/gen/server/api.gen.go:1368.25,1369.46 1 0
digital.vasic.lava.apigo/internal/gen/server/api.gen.go:1370.28,1371.49 1 0
digital.vasic.lava.apigo/internal/gen/server/api.gen.go:1372.17,1373.38 1 0
digital.vasic.lava.apigo/internal/gen/server/api.gen.go:1374.22,1375.43 1 0
digital.vasic.lava.apigo/internal/gen/server/api.gen.go:1376.10,1377.74 1 0
digital.vasic.lava.apigo/internal/gen/server/api.gen.go:1381.56,1384.2 2 0
digital.vasic.lava.apigo/internal/gen/server/api.gen.go:1386.57,1389.2 2 0
digital.vasic.lava.apigo/internal/gen/server/api.gen.go:1392.62,1396.2 3 0
digital.vasic.lava.apigo/internal/gen/server/api.gen.go:1399.63,1404.2 4 0
digital.vasic.lava.apigo/internal/gen/server/api.gen.go:1407.64,1410.16 3 0
digital.vasic.lava.apigo/internal/gen/server/api.gen.go:1410.16,1412.3 1 0
digital.vasic.lava.apigo/internal/gen/server/api.gen.go:1414.2,1416.12 3 0
digital.vasic.lava.apigo/internal/gen/server/api.gen.go:1420.64,1424.2 3 0
digital.vasic.lava.apigo/internal/gen/server/api.gen.go:1427.65,1432.2 4 0
digital.vasic.lava.apigo/internal/gen/server/api.gen.go:1435.66,1438.16 3 0
digital.vasic.lava.apigo/internal/gen/server/api.gen.go:1438.16,1440.3 1 0
digital.vasic.lava.apigo/internal/gen/server/api.gen.go:1442.2,1444.12 3 0
digital.vasic.lava.apigo/internal/gen/server/api.gen.go:1447.53,1453.2 3 0
digital.vasic.lava.apigo/internal/gen/server/api.gen.go:1455.65,1457.16 2 0
digital.vasic.lava.apigo/internal/gen/server/api.gen.go:1457.16,1459.3 1 0
digital.vasic.lava.apigo/internal/gen/server/api.gen.go:1460.2,1460.23 1 0
digital.vasic.lava.apigo/internal/gen/server/api.gen.go:1461.13,1462.29 1 0
digital.vasic.lava.apigo/internal/gen/server/api.gen.go:1463.14,1464.30 1 0
digital.vasic.lava.apigo/internal/gen/server/api.gen.go:1465.10,1466.74 1 0
digital.vasic.lava.apigo/internal/gen/server/api.gen.go:1470.51,1473.2 2 0
digital.vasic.lava.apigo/internal/gen/server/api.gen.go:1475.52,1478.2 2 0
digital.vasic.lava.apigo/internal/gen/server/api.gen.go:1481.75,1485.2 3 0
digital.vasic.lava.apigo/internal/gen/server/api.gen.go:1488.76,1493.2 4 0
digital.vasic.lava.apigo/internal/gen/server/api.gen.go:1496.77,1499.16 3 0
digital.vasic.lava.apigo/internal/gen/server/api.gen.go:1499.16,1501.3 1 0
digital.vasic.lava.apigo/internal/gen/server/api.gen.go:1503.2,1505.12 3 0
digital.vasic.lava.apigo/internal/gen/server/api.gen.go:1509.79,1513.2 3 0
digital.vasic.lava.apigo/internal/gen/server/api.gen.go:1516.80,1521.2 4 0
digital.vasic.lava.apigo/internal/gen/server/api.gen.go:1524.81,1527.16 3 0
digital.vasic.lava.apigo/internal/gen/server/api.gen.go:1527.16,1529.3 1 0
digital.vasic.lava.apigo/internal/gen/server/api.gen.go:1531.2,1533.12 3 0
digital.vasic.lava.apigo/internal/gen/server/api.gen.go:1537.89,1541.2 3 0
digital.vasic.lava.apigo/internal/gen/server/api.gen.go:1544.90,1549.2 4 0
digital.vasic.lava.apigo/internal/gen/server/api.gen.go:1552.91,1555.16 3 0
digital.vasic.lava.apigo/internal/gen/server/api.gen.go:1555.16,1557.3 1 0
digital.vasic.lava.apigo/internal/gen/server/api.gen.go:1559.2,1561.12 3 0
digital.vasic.lava.apigo/internal/gen/server/api.gen.go:1564.56,1570.2 3 0
digital.vasic.lava.apigo/internal/gen/server/api.gen.go:1572.68,1574.16 2 0
digital.vasic.lava.apigo/internal/gen/server/api.gen.go:1574.16,1576.3 1 0
digital.vasic.lava.apigo/internal/gen/server/api.gen.go:1577.2,1577.23 1 0
digital.vasic.lava.apigo/internal/gen/server/api.gen.go:1578.22,1579.41 1 0
digital.vasic.lava.apigo/internal/gen/server/api.gen.go:1580.15,1581.34 1 0
digital.vasic.lava.apigo/internal/gen/server/api.gen.go:1582.17,1583.36 1 0
digital.vasic.lava.apigo/internal/gen/server/api.gen.go:1584.10,1585.74 1 0
digital.vasic.lava.apigo/internal/gen/server/api.gen.go:1589.54,1592.2 2 0
digital.vasic.lava.apigo/internal/gen/server/api.gen.go:1594.55,1597.2 2 0
digital.vasic.lava.apigo/internal/gen/server/api.gen.go:1600.70,1604.2 3 0
digital.vasic.lava.apigo/internal/gen/server/api.gen.go:1607.71,1612.2 4 0
digital.vasic.lava.apigo/internal/gen/server/api.gen.go:1615.72,1618.16 3 0
digital.vasic.lava.apigo/internal/gen/server/api.gen.go:1618.16,1620.3 1 0
digital.vasic.lava.apigo/internal/gen/server/api.gen.go:1622.2,1624.12 3 0
digital.vasic.lava.apigo/internal/gen/server/api.gen.go:1628.68,1632.2 3 0
digital.vasic.lava.apigo/internal/gen/server/api.gen.go:1635.69,1640.2 4 0
digital.vasic.lava.apigo/internal/gen/server/api.gen.go:1643.70,1646.16 3 0
digital.vasic.lava.apigo/internal/gen/server/api.gen.go:1646.16,1648.3 1 0
digital.vasic.lava.apigo/internal/gen/server/api.gen.go:1650.2,1652.12 3 0
digital.vasic.lava.apigo/internal/gen/server/api.gen.go:1656.72,1660.2 3 0
digital.vasic.lava.apigo/internal/gen/server/api.gen.go:1663.73,1668.2 4 0
digital.vasic.lava.apigo/internal/gen/server/api.gen.go:1671.74,1674.16 3 0
digital.vasic.lava.apigo/internal/gen/server/api.gen.go:1674.16,1676.3 1 0
digital.vasic.lava.apigo/internal/gen/server/api.gen.go:1678.2,1680.12 3 0
digital.vasic.lava.apigo/internal/gen/server/api.gen.go:1684.70,1688.2 3 0
digital.vasic.lava.apigo/internal/gen/server/api.gen.go:1691.71,1696.2 4 0
digital.vasic.lava.apigo/internal/gen/server/api.gen.go:1699.72,1702.16 3 0
digital.vasic.lava.apigo/internal/gen/server/api.gen.go:1702.16,1704.3 1 0
digital.vasic.lava.apigo/internal/gen/server/api.gen.go:1706.2,1708.12 3 0
digital.vasic.lava.apigo/internal/gen/server/api.gen.go:1712.72,1716.2 3 0
digital.vasic.lava.apigo/internal/gen/server/api.gen.go:1719.73,1724.2 4 0
digital.vasic.lava.apigo/internal/gen/server/api.gen.go:1727.74,1730.16 3 0
digital.vasic.lava.apigo/internal/gen/server/api.gen.go:1730.16,1732.3 1 0
digital.vasic.lava.apigo/internal/gen/server/api.gen.go:1734.2,1736.12 3 0
digital.vasic.lava.apigo/internal/gen/server/api.gen.go:1740.70,1744.2 3 0
digital.vasic.lava.apigo/internal/gen/server/api.gen.go:1747.71,1752.2 4 0
digital.vasic.lava.apigo/internal/gen/server/api.gen.go:1755.72,1758.16 3 0
digital.vasic.lava.apigo/internal/gen/server/api.gen.go:1758.16,1760.3 1 0
digital.vasic.lava.apigo/internal/gen/server/api.gen.go:1762.2,1764.12 3 0
digital.vasic.lava.apigo/internal/gen/server/api.gen.go:1768.74,1772.2 3 0
digital.vasic.lava.apigo/internal/gen/server/api.gen.go:1775.75,1780.2 4 0
digital.vasic.lava.apigo/internal/gen/server/api.gen.go:1783.76,1786.16 3 0
digital.vasic.lava.apigo/internal/gen/server/api.gen.go:1786.16,1788.3 1 0
digital.vasic.lava.apigo/internal/gen/server/api.gen.go:1790.2,1792.12 3 0
digital.vasic.lava.apigo/internal/gen/server/api.gen.go:1796.82,1800.2 3 0
digital.vasic.lava.apigo/internal/gen/server/api.gen.go:1803.83,1808.2 4 0
digital.vasic.lava.apigo/internal/gen/server/api.gen.go:1811.84,1814.16 3 0
digital.vasic.lava.apigo/internal/gen/server/api.gen.go:1814.16,1816.3 1 0
digital.vasic.lava.apigo/internal/gen/server/api.gen.go:1818.2,1820.12 3 0
digital.vasic.lava.apigo/internal/gen/server/api.gen.go:1824.76,1828.2 3 0
digital.vasic.lava.apigo/internal/gen/server/api.gen.go:1831.77,1836.2 4 0
digital.vasic.lava.apigo/internal/gen/server/api.gen.go:1839.78,1842.16 3 0
digital.vasic.lava.apigo/internal/gen/server/api.gen.go:1842.16,1844.3 1 0
digital.vasic.lava.apigo/internal/gen/server/api.gen.go:1846.2,1848.12 3 0
digital.vasic.lava.apigo/internal/gen/server/api.gen.go:1852.72,1856.2 3 0
digital.vasic.lava.apigo/internal/gen/server/api.gen.go:1859.73,1864.2 4 0
digital.vasic.lava.apigo/internal/gen/server/api.gen.go:1867.74,1870.16 3 0
digital.vasic.lava.apigo/internal/gen/server/api.gen.go:1870.16,1872.3 1 0
digital.vasic.lava.apigo/internal/gen/server/api.gen.go:1874.2,1876.12 3 0
digital.vasic.lava.apigo/internal/gen/server/api.gen.go:1880.70,1884.2 3 0
digital.vasic.lava.apigo/internal/gen/server/api.gen.go:1887.71,1892.2 4 0
digital.vasic.lava.apigo/internal/gen/server/api.gen.go:1895.72,1898.16 3 0
digital.vasic.lava.apigo/internal/gen/server/api.gen.go:1898.16,1900.3 1 0
digital.vasic.lava.apigo/internal/gen/server/api.gen.go:1902.2,1904.12 3 0
digital.vasic.lava.apigo/internal/gen/server/api.gen.go:1908.76,1912.2 3 0
digital.vasic.lava.apigo/internal/gen/server/api.gen.go:1915.77,1920.2 4 0
digital.vasic.lava.apigo/internal/gen/server/api.gen.go:1923.78,1926.16 3 0
digital.vasic.lava.apigo/internal/gen/server/api.gen.go:1926.16,1928.3 1 0
digital.vasic.lava.apigo/internal/gen/server/api.gen.go:1930.2,1932.12 3 0
digital.vasic.lava.apigo/internal/gen/server/api.gen.go:1936.72,1940.2 3 0
digital.vasic.lava.apigo/internal/gen/server/api.gen.go:1943.73,1948.2 4 0
digital.vasic.lava.apigo/internal/gen/server/api.gen.go:1951.74,1954.16 3 0
digital.vasic.lava.apigo/internal/gen/server/api.gen.go:1954.16,1956.3 1 0
digital.vasic.lava.apigo/internal/gen/server/api.gen.go:1958.2,1960.12 3 0
digital.vasic.lava.apigo/internal/gen/server/api.gen.go:1964.86,1968.2 3 0
digital.vasic.lava.apigo/internal/gen/server/api.gen.go:1971.87,1976.2 4 0
digital.vasic.lava.apigo/internal/gen/server/api.gen.go:1979.88,1982.16 3 0
digital.vasic.lava.apigo/internal/gen/server/api.gen.go:1982.16,1984.3 1 0
digital.vasic.lava.apigo/internal/gen/server/api.gen.go:1986.2,1988.12 3 0
digital.vasic.lava.apigo/internal/gen/server/api.gen.go:1992.70,1996.2 3 0
digital.vasic.lava.apigo/internal/gen/server/api.gen.go:1999.71,2004.2 4 0
digital.vasic.lava.apigo/internal/gen/server/api.gen.go:2007.72,2010.16 3 0
digital.vasic.lava.apigo/internal/gen/server/api.gen.go:2010.16,2012.3 1 0
digital.vasic.lava.apigo/internal/gen/server/api.gen.go:2014.2,2016.12 3 0
digital.vasic.lava.apigo/internal/gen/server/api.gen.go:2020.70,2024.2 3 0
digital.vasic.lava.apigo/internal/gen/server/api.gen.go:2027.71,2032.2 4 0
digital.vasic.lava.apigo/internal/gen/server/api.gen.go:2035.72,2038.16 3 0
digital.vasic.lava.apigo/internal/gen/server/api.gen.go:2038.16,2040.3 1 0
digital.vasic.lava.apigo/internal/gen/server/api.gen.go:2042.2,2044.12 3 0
digital.vasic.lava.apigo/internal/gen/server/api.gen.go:2048.66,2052.2 3 0
digital.vasic.lava.apigo/internal/gen/server/api.gen.go:2055.67,2060.2 4 0
digital.vasic.lava.apigo/internal/gen/server/api.gen.go:2063.68,2066.16 3 0
digital.vasic.lava.apigo/internal/gen/server/api.gen.go:2066.16,2068.3 1 0
digital.vasic.lava.apigo/internal/gen/server/api.gen.go:2070.2,2072.12 3 0
digital.vasic.lava.apigo/internal/gen/server/api.gen.go:2076.66,2080.2 3 0
digital.vasic.lava.apigo/internal/gen/server/api.gen.go:2083.67,2088.2 4 0
digital.vasic.lava.apigo/internal/gen/server/api.gen.go:2091.68,2094.16 3 0
digital.vasic.lava.apigo/internal/gen/server/api.gen.go:2094.16,2096.3 1 0
digital.vasic.lava.apigo/internal/gen/server/api.gen.go:2098.2,2100.12 3 0
digital.vasic.lava.apigo/internal/gen/server/api.gen.go:2104.74,2108.2 3 0
digital.vasic.lava.apigo/internal/gen/server/api.gen.go:2111.75,2116.2 4 0
digital.vasic.lava.apigo/internal/gen/server/api.gen.go:2119.76,2122.16 3 0
digital.vasic.lava.apigo/internal/gen/server/api.gen.go:2122.16,2124.3 1 0
digital.vasic.lava.apigo/internal/gen/server/api.gen.go:2126.2,2128.12 3 0
digital.vasic.lava.apigo/internal/gen/server/api.gen.go:2131.57,2137.2 3 0
digital.vasic.lava.apigo/internal/gen/server/api.gen.go:2139.69,2141.16 2 0
digital.vasic.lava.apigo/internal/gen/server/api.gen.go:2141.16,2143.3 1 0
digital.vasic.lava.apigo/internal/gen/server/api.gen.go:2144.2,2144.23 1 0
digital.vasic.lava.apigo/internal/gen/server/api.gen.go:2145.15,2146.32 1 0
digital.vasic.lava.apigo/internal/gen/server/api.gen.go:2147.14,2148.31 1 0
digital.vasic.lava.apigo/internal/gen/server/api.gen.go:2149.13,2150.30 1 0
digital.vasic.lava.apigo/internal/gen/server/api.gen.go:2151.12,2152.29 1 0
digital.vasic.lava.apigo/internal/gen/server/api.gen.go:2153.14,2154.31 1 0
digital.vasic.lava.apigo/internal/gen/server/api.gen.go:2155.15,2156.32 1 0
digital.vasic.lava.apigo/internal/gen/server/api.gen.go:2157.17,2158.34 1 0
digital.vasic.lava.apigo/internal/gen/server/api.gen.go:2159.12,2160.29 1 0
digital.vasic.lava.apigo/internal/gen/server/api.gen.go:2161.15,2162.32 1 0
digital.vasic.lava.apigo/internal/gen/server/api.gen.go:2163.22,2164.39 1 0
digital.vasic.lava.apigo/internal/gen/server/api.gen.go:2165.16,2166.33 1 0
digital.vasic.lava.apigo/internal/gen/server/api.gen.go:2167.14,2168.31 1 0
digital.vasic.lava.apigo/internal/gen/server/api.gen.go:2169.14,2170.31 1 0
digital.vasic.lava.apigo/internal/gen/server/api.gen.go:2171.16,2172.33 1 0
digital.vasic.lava.apigo/internal/gen/server/api.gen.go:2173.15,2174.32 1 0
digital.vasic.lava.apigo/internal/gen/server/api.gen.go:2175.14,2176.31 1 0
digital.vasic.lava.apigo/internal/gen/server/api.gen.go:2177.17,2178.34 1 0
digital.vasic.lava.apigo/internal/gen/server/api.gen.go:2179.14,2180.31 1 0
digital.vasic.lava.apigo/internal/gen/server/api.gen.go:2181.20,2182.37 1 0
digital.vasic.lava.apigo/internal/gen/server/api.gen.go:2183.10,2184.74 1 0
digital.vasic.lava.apigo/internal/gen/server/api.gen.go:2188.55,2191.2 2 0
digital.vasic.lava.apigo/internal/gen/server/api.gen.go:2193.56,2196.2 2 0
digital.vasic.lava.apigo/internal/gen/server/api.gen.go:2260.60,2270.79 4 0
digital.vasic.lava.apigo/internal/gen/server/api.gen.go:2270.79,2273.13 3 0
digital.vasic.lava.apigo/internal/gen/server/api.gen.go:2273.13,2276.4 2 0
digital.vasic.lava.apigo/internal/gen/server/api.gen.go:2278.3,2279.17 2 0
digital.vasic.lava.apigo/internal/gen/server/api.gen.go:2279.17,2282.4 2 0
digital.vasic.lava.apigo/internal/gen/server/api.gen.go:2284.3,2284.32 1 0
digital.vasic.lava.apigo/internal/gen/server/api.gen.go:2288.2,2288.52 1 0
digital.vasic.lava.apigo/internal/gen/server/api.gen.go:2288.52,2290.20 2 0
digital.vasic.lava.apigo/internal/gen/server/api.gen.go:2290.20,2292.4 1 0
digital.vasic.lava.apigo/internal/gen/server/api.gen.go:2295.2,2295.32 1 0
digital.vasic.lava.apigo/internal/gen/server/api.gen.go:2299.63,2307.16 4 0
digital.vasic.lava.apigo/internal/gen/server/api.gen.go:2307.16,2310.3 2 0
digital.vasic.lava.apigo/internal/gen/server/api.gen.go:2312.2,2312.52 1 0
digital.vasic.lava.apigo/internal/gen/server/api.gen.go:2312.52,2314.20 2 0
digital.vasic.lava.apigo/internal/gen/server/api.gen.go:2314.20,2316.4 1 0
digital.vasic.lava.apigo/internal/gen/server/api.gen.go:2319.2,2319.33 1 0
digital.vasic.lava.apigo/internal/gen/server/api.gen.go:2323.68,2331.16 4 0
digital.vasic.lava.apigo/internal/gen/server/api.gen.go:2331.16,2334.3 2 0
digital.vasic.lava.apigo/internal/gen/server/api.gen.go:2337.2,2342.16 3 0
digital.vasic.lava.apigo/internal/gen/server/api.gen.go:2342.16,2345.3 2 0
digital.vasic.lava.apigo/internal/gen/server/api.gen.go:2347.2,2350.79 2 0
digital.vasic.lava.apigo/internal/gen/server/api.gen.go:2350.79,2353.13 3 0
digital.vasic.lava.apigo/internal/gen/server/api.gen.go:2353.13,2356.4 2 0
digital.vasic.lava.apigo/internal/gen/server/api.gen.go:2358.3,2359.17 2 0
digital.vasic.lava.apigo/internal/gen/server/api.gen.go:2359.17,2362.4 2 0
digital.vasic.lava.apigo/internal/gen/server/api.gen.go:2364.3,2364.32 1 0
digital.vasic.lava.apigo/internal/gen/server/api.gen.go:2368.2,2368.52 1 0
digital.vasic.lava.apigo/internal/gen/server/api.gen.go:2368.52,2370.20 2 0
digital.vasic.lava.apigo/internal/gen/server/api.gen.go:2370.20,2372.4 1 0
digital.vasic.lava.apigo/internal/gen/server/api.gen.go:2375.2,2375.44 1 0
digital.vasic.lava.apigo/internal/gen/server/api.gen.go:2379.64,2387.16 4 0
digital.vasic.lava.apigo/internal/gen/server/api.gen.go:2387.16,2390.3 2 0
digital.vasic.lava.apigo/internal/gen/server/api.gen.go:2393.2,2398.79 3 0
digital.vasic.lava.apigo/internal/gen/server/api.gen.go:2398.79,2401.13 3 0
digital.vasic.lava.apigo/internal/gen/server/api.gen.go:2401.13,2404.4 2 0
digital.vasic.lava.apigo/internal/gen/server/api.gen.go:2406.3,2407.17 2 0
digital.vasic.lava.apigo/internal/gen/server/api.gen.go:2407.17,2410.4 2 0
digital.vasic.lava.apigo/internal/gen/server/api.gen.go:2412.3,2412.32 1 0
digital.vasic.lava.apigo/internal/gen/server/api.gen.go:2416.2,2416.52 1 0
digital.vasic.lava.apigo/internal/gen/server/api.gen.go:2416.52,2418.20 2 0
digital.vasic.lava.apigo/internal/gen/server/api.gen.go:2418.20,2420.4 1 0
digital.vasic.lava.apigo/internal/gen/server/api.gen.go:2423.2,2423.40 1 0
digital.vasic.lava.apigo/internal/gen/server/api.gen.go:2427.64,2435.16 4 0
digital.vasic.lava.apigo/internal/gen/server/api.gen.go:2435.16,2438.3 2 0
digital.vasic.lava.apigo/internal/gen/server/api.gen.go:2441.2,2446.79 3 0
digital.vasic.lava.apigo/internal/gen/server/api.gen.go:2446.79,2449.13 3 0
digital.vasic.lava.apigo/internal/gen/server/api.gen.go:2449.13,2452.4 2 0
digital.vasic.lava.apigo/internal/gen/server/api.gen.go:2454.3,2455.17 2 0
digital.vasic.lava.apigo/internal/gen/server/api.gen.go:2455.17,2458.4 2 0
digital.vasic.lava.apigo/internal/gen/server/api.gen.go:2460.3,2460.32 1 0
digital.vasic.lava.apigo/internal/gen/server/api.gen.go:2464.2,2464.52 1 0
digital.vasic.lava.apigo/internal/gen/server/api.gen.go:2464.52,2466.20 2 0
digital.vasic.lava.apigo/internal/gen/server/api.gen.go:2466.20,2468.4 1 0
digital.vasic.lava.apigo/internal/gen/server/api.gen.go:2471.2,2471.40 1 0
digital.vasic.lava.apigo/internal/gen/server/api.gen.go:2475.65,2485.79 4 0
digital.vasic.lava.apigo/internal/gen/server/api.gen.go:2485.79,2488.13 3 0
digital.vasic.lava.apigo/internal/gen/server/api.gen.go:2488.13,2491.4 2 0
digital.vasic.lava.apigo/internal/gen/server/api.gen.go:2493.3,2494.17 2 0
digital.vasic.lava.apigo/internal/gen/server/api.gen.go:2494.17,2497.4 2 0
digital.vasic.lava.apigo/internal/gen/server/api.gen.go:2499.3,2499.32 1 0
digital.vasic.lava.apigo/internal/gen/server/api.gen.go:2503.2,2503.52 1 0
digital.vasic.lava.apigo/internal/gen/server/api.gen.go:2503.52,2505.20 2 0
digital.vasic.lava.apigo/internal/gen/server/api.gen.go:2505.20,2507.4 1 0
digital.vasic.lava.apigo/internal/gen/server/api.gen.go:2510.2,2510.37 1 0
digital.vasic.lava.apigo/internal/gen/server/api.gen.go:2514.69,2522.16 4 0
digital.vasic.lava.apigo/internal/gen/server/api.gen.go:2522.16,2525.3 2 0
digital.vasic.lava.apigo/internal/gen/server/api.gen.go:2528.2,2533.79 3 0
digital.vasic.lava.apigo/internal/gen/server/api.gen.go:2533.79,2536.13 3 0
digital.vasic.lava.apigo/internal/gen/server/api.gen.go:2536.13,2539.4 2 0
digital.vasic.lava.apigo/internal/gen/server/api.gen.go:2541.3,2542.17 2 0
digital.vasic.lava.apigo/internal/gen/server/api.gen.go:2542.17,2545.4 2 0
digital.vasic.lava.apigo/internal/gen/server/api.gen.go:2547.3,2547.32 1 0
digital.vasic.lava.apigo/internal/gen/server/api.gen.go:2551.2,2551.52 1 0
digital.vasic.lava.apigo/internal/gen/server/api.gen.go:2551.52,2553.20 2 0
digital.vasic.lava.apigo/internal/gen/server/api.gen.go:2553.20,2555.4 1 0
digital.vasic.lava.apigo/internal/gen/server/api.gen.go:2558.2,2558.45 1 0
digital.vasic.lava.apigo/internal/gen/server/api.gen.go:2562.72,2570.16 4 0
digital.vasic.lava.apigo/internal/gen/server/api.gen.go:2570.16,2573.3 2 0
digital.vasic.lava.apigo/internal/gen/server/api.gen.go:2576.2,2581.79 3 0
digital.vasic.lava.apigo/internal/gen/server/api.gen.go:2581.79,2584.13 3 0
digital.vasic.lava.apigo/internal/gen/server/api.gen.go:2584.13,2587.4 2 0
digital.vasic.lava.apigo/internal/gen/server/api.gen.go:2589.3,2590.17 2 0
digital.vasic.lava.apigo/internal/gen/server/api.gen.go:2590.17,2593.4 2 0
digital.vasic.lava.apigo/internal/gen/server/api.gen.go:2595.3,2595.32 1 0
digital.vasic.lava.apigo/internal/gen/server/api.gen.go:2599.2,2599.52 1 0
digital.vasic.lava.apigo/internal/gen/server/api.gen.go:2599.52,2601.20 2 0
digital.vasic.lava.apigo/internal/gen/server/api.gen.go:2601.20,2603.4 1 0
digital.vasic.lava.apigo/internal/gen/server/api.gen.go:2606.2,2606.48 1 0
digital.vasic.lava.apigo/internal/gen/server/api.gen.go:2610.61,2620.79 4 0
digital.vasic.lava.apigo/internal/gen/server/api.gen.go:2620.79,2623.13 3 0
digital.vasic.lava.apigo/internal/gen/server/api.gen.go:2623.13,2626.4 2 0
digital.vasic.lava.apigo/internal/gen/server/api.gen.go:2628.3,2629.17 2 0
digital.vasic.lava.apigo/internal/gen/server/api.gen.go:2629.17,2632.4 2 0
digital.vasic.lava.apigo/internal/gen/server/api.gen.go:2634.3,2634.32 1 0
digital.vasic.lava.apigo/internal/gen/server/api.gen.go:2638.2,2638.52 1 0
digital.vasic.lava.apigo/internal/gen/server/api.gen.go:2638.52,2640.20 2 0
digital.vasic.lava.apigo/internal/gen/server/api.gen.go:2640.20,2642.4 1 0
digital.vasic.lava.apigo/internal/gen/server/api.gen.go:2645.2,2645.33 1 0
digital.vasic.lava.apigo/internal/gen/server/api.gen.go:2649.68,2657.16 4 0
digital.vasic.lava.apigo/internal/gen/server/api.gen.go:2657.16,2660.3 2 0
digital.vasic.lava.apigo/internal/gen/server/api.gen.go:2663.2,2668.16 3 0
digital.vasic.lava.apigo/internal/gen/server/api.gen.go:2668.16,2671.3 2 0
digital.vasic.lava.apigo/internal/gen/server/api.gen.go:2673.2,2676.79 2 0
digital.vasic.lava.apigo/internal/gen/server/api.gen.go:2676.79,2679.13 3 0
digital.vasic.lava.apigo/internal/gen/server/api.gen.go:2679.13,2682.4 2 0
digital.vasic.lava.apigo/internal/gen/server/api.gen.go:2684.3,2685.17 2 0
digital.vasic.lava.apigo/internal/gen/server/api.gen.go:2685.17,2688.4 2 0
digital.vasic.lava.apigo/internal/gen/server/api.gen.go:2690.3,2690.32 1 0
digital.vasic.lava.apigo/internal/gen/server/api.gen.go:2694.2,2694.52 1 0
digital.vasic.lava.apigo/internal/gen/server/api.gen.go:2694.52,2696.20 2 0
digital.vasic.lava.apigo/internal/gen/server/api.gen.go:2696.20,2698.4 1 0
digital.vasic.lava.apigo/internal/gen/server/api.gen.go:2701.2,2701.44 1 0
digital.vasic.lava.apigo/internal/gen/server/api.gen.go:2705.61,2715.79 4 0
digital.vasic.lava.apigo/internal/gen/server/api.gen.go:2715.79,2718.13 3 0
digital.vasic.lava.apigo/internal/gen/server/api.gen.go:2718.13,2721.4 2 0
digital.vasic.lava.apigo/internal/gen/server/api.gen.go:2723.3,2724.17 2 0
digital.vasic.lava.apigo/internal/gen/server/api.gen.go:2724.17,2727.4 2 0
digital.vasic.lava.apigo/internal/gen/server/api.gen.go:2729.3,2729.32 1 0
digital.vasic.lava.apigo/internal/gen/server/api.gen.go:2733.2,2733.52 1 0
digital.vasic.lava.apigo/internal/gen/server/api.gen.go:2733.52,2735.20 2 0
digital.vasic.lava.apigo/internal/gen/server/api.gen.go:2735.20,2737.4 1 0
digital.vasic.lava.apigo/internal/gen/server/api.gen.go:2740.2,2740.33 1 0
digital.vasic.lava.apigo/internal/gen/server/api.gen.go:2744.62,2746.52 1 0
digital.vasic.lava.apigo/internal/gen/server/api.gen.go:2746.52,2748.20 2 0
digital.vasic.lava.apigo/internal/gen/server/api.gen.go:2748.20,2750.4 1 0
digital.vasic.lava.apigo/internal/gen/server/api.gen.go:2753.2,2753.26 1 0
digital.vasic.lava.apigo/internal/gen/server/api.gen.go:2757.62,2767.16 4 0
digital.vasic.lava.apigo/internal/gen/server/api.gen.go:2767.16,2770.3 2 0
digital.vasic.lava.apigo/internal/gen/server/api.gen.go:2774.2,2775.16 2 0
digital.vasic.lava.apigo/internal/gen/server/api.gen.go:2775.16,2778.3 2 0
digital.vasic.lava.apigo/internal/gen/server/api.gen.go:2782.2,2783.16 2 0
digital.vasic.lava.apigo/internal/gen/server/api.gen.go:2783.16,2786.3 2 0
digital.vasic.lava.apigo/internal/gen/server/api.gen.go:2790.2,2791.16 2 0
digital.vasic.lava.apigo/internal/gen/server/api.gen.go:2791.16,2794.3 2 0
digital.vasic.lava.apigo/internal/gen/server/api.gen.go:2798.2,2799.16 2 0
digital.vasic.lava.apigo/internal/gen/server/api.gen.go:2799.16,2802.3 2 0
digital.vasic.lava.apigo/internal/gen/server/api.gen.go:2806.2,2807.16 2 0
digital.vasic.lava.apigo/internal/gen/server/api.gen.go:2807.16,2810.3 2 0
digital.vasic.lava.apigo/internal/gen/server/api.gen.go:2814.2,2815.16 2 0
digital.vasic.lava.apigo/internal/gen/server/api.gen.go:2815.16,2818.3 2 0
digital.vasic.lava.apigo/internal/gen/server/api.gen.go:2822.2,2823.16 2 0
digital.vasic.lava.apigo/internal/gen/server/api.gen.go:2823.16,2826.3 2 0
digital.vasic.lava.apigo/internal/gen/server/api.gen.go:2828.2,2831.79 2 0
digital.vasic.lava.apigo/internal/gen/server/api.gen.go:2831.79,2834.13 3 0
digital.vasic.lava.apigo/internal/gen/server/api.gen.go:2834.13,2837.4 2 0
digital.vasic.lava.apigo/internal/gen/server/api.gen.go:2839.3,2840.17 2 0
digital.vasic.lava.apigo/internal/gen/server/api.gen.go:2840.17,2843.4 2 0
digital.vasic.lava.apigo/internal/gen/server/api.gen.go:2845.3,2845.32 1 0
digital.vasic.lava.apigo/internal/gen/server/api.gen.go:2849.2,2849.52 1 0
digital.vasic.lava.apigo/internal/gen/server/api.gen.go:2849.52,2851.20 2 0
digital.vasic.lava.apigo/internal/gen/server/api.gen.go:2851.20,2853.4 1 0
digital.vasic.lava.apigo/internal/gen/server/api.gen.go:2856.2,2856.34 1 0
digital.vasic.lava.apigo/internal/gen/server/api.gen.go:2860.61,2868.16 4 0
digital.vasic.lava.apigo/internal/gen/server/api.gen.go:2868.16,2871.3 2 0
digital.vasic.lava.apigo/internal/gen/server/api.gen.go:2874.2,2879.16 3 0
digital.vasic.lava.apigo/internal/gen/server/api.gen.go:2879.16,2882.3 2 0
digital.vasic.lava.apigo/internal/gen/server/api.gen.go:2884.2,2887.79 2 0
digital.vasic.lava.apigo/internal/gen/server/api.gen.go:2887.79,2890.13 3 0
digital.vasic.lava.apigo/internal/gen/server/api.gen.go:2890.13,2893.4 2 0
digital.vasic.lava.apigo/internal/gen/server/api.gen.go:2895.3,2896.17 2 0
digital.vasic.lava.apigo/internal/gen/server/api.gen.go:2896.17,2899.4 2 0
digital.vasic.lava.apigo/internal/gen/server/api.gen.go:2901.3,2901.32 1 0
digital.vasic.lava.apigo/internal/gen/server/api.gen.go:2905.2,2905.52 1 0
digital.vasic.lava.apigo/internal/gen/server/api.gen.go:2905.52,2907.20 2 0
digital.vasic.lava.apigo/internal/gen/server/api.gen.go:2907.20,2909.4 1 0
digital.vasic.lava.apigo/internal/gen/server/api.gen.go:2912.2,2912.37 1 0
digital.vasic.lava.apigo/internal/gen/server/api.gen.go:2916.65,2924.16 4 0
digital.vasic.lava.apigo/internal/gen/server/api.gen.go:2924.16,2927.3 2 0
digital.vasic.lava.apigo/internal/gen/server/api.gen.go:2930.2,2935.16 3 0
digital.vasic.lava.apigo/internal/gen/server/api.gen.go:2935.16,2938.3 2 0
digital.vasic.lava.apigo/internal/gen/server/api.gen.go:2940.2,2943.79 2 0
digital.vasic.lava.apigo/internal/gen/server/api.gen.go:2943.79,2946.13 3 0
digital.vasic.lava.apigo/internal/gen/server/api.gen.go:2946.13,2949.4 2 0
digital.vasic.lava.apigo/internal/gen/server/api.gen.go:2951.3,2952.17 2 0
digital.vasic.lava.apigo/internal/gen/server/api.gen.go:2952.17,2955.4 2 0
digital.vasic.lava.apigo/internal/gen/server/api.gen.go:2957.3,2957.32 1 0
digital.vasic.lava.apigo/internal/gen/server/api.gen.go:2961.2,2961.52 1 0
digital.vasic.lava.apigo/internal/gen/server/api.gen.go:2961.52,2963.20 2 0
digital.vasic.lava.apigo/internal/gen/server/api.gen.go:2963.20,2965.4 1 0
digital.vasic.lava.apigo/internal/gen/server/api.gen.go:2968.2,2968.41 1 0
digital.vasic.lava.apigo/internal/gen/server/api.gen.go:2972.63,2980.16 4 0
digital.vasic.lava.apigo/internal/gen/server/api.gen.go:2980.16,2983.3 2 0
digital.vasic.lava.apigo/internal/gen/server/api.gen.go:2986.2,2991.79 3 0
digital.vasic.lava.apigo/internal/gen/server/api.gen.go:2991.79,2994.13 3 0
digital.vasic.lava.apigo/internal/gen/server/api.gen.go:2994.13,2997.4 2 0
digital.vasic.lava.apigo/internal/gen/server/api.gen.go:2999.3,3000.17 2 0
digital.vasic.lava.apigo/internal/gen/server/api.gen.go:3000.17,3003.4 2 0
digital.vasic.lava.apigo/internal/gen/server/api.gen.go:3005.3,3005.32 1 0
digital.vasic.lava.apigo/internal/gen/server/api.gen.go:3009.2,3009.52 1 0
digital.vasic.lava.apigo/internal/gen/server/api.gen.go:3009.52,3011.20 2 0
digital.vasic.lava.apigo/internal/gen/server/api.gen.go:3011.20,3013.4 1 0
digital.vasic.lava.apigo/internal/gen/server/api.gen.go:3016.2,3016.39 1 0
digital.vasic.lava.apigo/internal/gen/server/api.gen.go:3027.63,3029.2 1 0
digital.vasic.lava.apigo/internal/gen/server/api.gen.go:3032.100,3034.25 2 0
digital.vasic.lava.apigo/internal/gen/server/api.gen.go:3034.25,3035.66 1 0
digital.vasic.lava.apigo/internal/gen/server/api.gen.go:3035.66,3037.4 1 0
digital.vasic.lava.apigo/internal/gen/server/api.gen.go:3040.2,3061.64 17 0
digital.vasic.lava.apigo/internal/gen/server/api.gen.go:3180.35,3182.16 2 0
digital.vasic.lava.apigo/internal/gen/server/api.gen.go:3182.16,3184.3 1 0
digital.vasic.lava.apigo/internal/gen/server/api.gen.go:3185.2,3186.16 2 0
digital.vasic.lava.apigo/internal/gen/server/api.gen.go:3186.16,3188.3 1 0
digital.vasic.lava.apigo/internal/gen/server/api.gen.go:3189.2,3191.16 3 0
digital.vasic.lava.apigo/internal/gen/server/api.gen.go:3191.16,3193.3 1 0
digital.vasic.lava.apigo/internal/gen/server/api.gen.go:3195.2,3195.25 1 0
digital.vasic.lava.apigo/internal/gen/server/api.gen.go:3201.48,3203.32 2 0
digital.vasic.lava.apigo/internal/gen/server/api.gen.go:3203.32,3205.3 1 0
digital.vasic.lava.apigo/internal/gen/server/api.gen.go:3209.73,3211.25 2 0
digital.vasic.lava.apigo/internal/gen/server/api.gen.go:3211.25,3213.3 1 0
digital.vasic.lava.apigo/internal/gen/server/api.gen.go:3215.2,3215.12 1 0
digital.vasic.lava.apigo/internal/gen/server/api.gen.go:3223.52,3228.87 4 0
digital.vasic.lava.apigo/internal/gen/server/api.gen.go:3228.87,3232.10 4 0
digital.vasic.lava.apigo/internal/gen/server/api.gen.go:3232.10,3235.4 2 0
digital.vasic.lava.apigo/internal/gen/server/api.gen.go:3236.3,3236.19 1 0
digital.vasic.lava.apigo/internal/gen/server/api.gen.go:3238.2,3240.16 3 0
digital.vasic.lava.apigo/internal/gen/server/api.gen.go:3240.16,3242.3 1 0
digital.vasic.lava.apigo/internal/gen/server/api.gen.go:3243.2,3244.16 2 0
digital.vasic.lava.apigo/internal/gen/server/api.gen.go:3244.16,3246.3 1 0
digital.vasic.lava.apigo/internal/gen/server/api.gen.go:3247.2,3247.8 1 0
digital.vasic.lava.apigo/internal/gen/client/api.gen.go:25.58,26.11 1 0
digital.vasic.lava.apigo/internal/gen/client/api.gen.go:27.23,28.14 1 0
digital.vasic.lava.apigo/internal/gen/client/api.gen.go:29.10,30.15 1 0
digital.vasic.lava.apigo/internal/gen/client/api.gen.go:40.61,41.11 1 0
digital.vasic.lava.apigo/internal/gen/client/api.gen.go:42.26,43.14 1 0
digital.vasic.lava.apigo/internal/gen/client/api.gen.go:44.10,45.15 1 0
digital.vasic.lava.apigo/internal/gen/client/api.gen.go:55.50,56.11 1 0
digital.vasic.lava.apigo/internal/gen/client/api.gen.go:57.15,58.14 1 0
digital.vasic.lava.apigo/internal/gen/client/api.gen.go:59.10,60.15 1 0
digital.vasic.lava.apigo/internal/gen/client/api.gen.go:70.55,71.11 1 0
digital.vasic.lava.apigo/internal/gen/client/api.gen.go:72.20,73.14 1 0
digital.vasic.lava.apigo/internal/gen/client/api.gen.go:74.10,75.15 1 0
digital.vasic.lava.apigo/internal/gen/client/api.gen.go:85.41,86.11 1 0
digital.vasic.lava.apigo/internal/gen/client/api.gen.go:87.11,88.14 1 0
digital.vasic.lava.apigo/internal/gen/client/api.gen.go:89.10,90.15 1 0
digital.vasic.lava.apigo/internal/gen/client/api.gen.go:100.42,101.11 1 0
digital.vasic.lava.apigo/internal/gen/client/api.gen.go:102.12,103.14 1 0
digital.vasic.lava.apigo/internal/gen/client/api.gen.go:104.10,105.15 1 0
digital.vasic.lava.apigo/internal/gen/client/api.gen.go:115.53,116.11 1 0
digital.vasic.lava.apigo/internal/gen/client/api.gen.go:117.20,118.14 1 0
digital.vasic.lava.apigo/internal/gen/client/api.gen.go:119.10,120.15 1 0
digital.vasic.lava.apigo/internal/gen/client/api.gen.go:130.46,131.11 1 0
digital.vasic.lava.apigo/internal/gen/client/api.gen.go:132.13,133.14 1 0
digital.vasic.lava.apigo/internal/gen/client/api.gen.go:134.10,135.15 1 0
digital.vasic.lava.apigo/internal/gen/client/api.gen.go:145.48,146.11 1 0
digital.vasic.lava.apigo/internal/gen/client/api.gen.go:147.15,148.14 1 0
digital.vasic.lava.apigo/internal/gen/client/api.gen.go:149.10,150.15 1 0
digital.vasic.lava.apigo/internal/gen/client/api.gen.go:163.49,164.11 1 0
digital.vasic.lava.apigo/internal/gen/client/api.gen.go:165.14,166.14 1 0
digital.vasic.lava.apigo/internal/gen/client/api.gen.go:167.15,168.14 1 0
digital.vasic.lava.apigo/internal/gen/client/api.gen.go:169.12,170.14 1 0
digital.vasic.lava.apigo/internal/gen/client/api.gen.go:171.13,172.14 1 0
digital.vasic.lava.apigo/internal/gen/client/api.gen.go:173.10,174.15 1 0
digital.vasic.lava.apigo/internal/gen/client/api.gen.go:184.44,185.11 1 0
digital.vasic.lava.apigo/internal/gen/client/api.gen.go:186.13,187.14 1 0
digital.vasic.lava.apigo/internal/gen/client/api.gen.go:188.10,189.15 1 0
digital.vasic.lava.apigo/internal/gen/client/api.gen.go:199.43,200.11 1 0
digital.vasic.lava.apigo/internal/gen/client/api.gen.go:201.12,202.14 1 0
digital.vasic.lava.apigo/internal/gen/client/api.gen.go:203.10,204.15 1 0
digital.vasic.lava.apigo/internal/gen/client/api.gen.go:214.42,215.11 1 0
digital.vasic.lava.apigo/internal/gen/client/api.gen.go:216.11,217.14 1 0
digital.vasic.lava.apigo/internal/gen/client/api.gen.go:218.10,219.15 1 0
digital.vasic.lava.apigo/internal/gen/client/api.gen.go:229.41,230.11 1 0
digital.vasic.lava.apigo/internal/gen/client/api.gen.go:231.10,232.14 1 0
digital.vasic.lava.apigo/internal/gen/client/api.gen.go:233.10,234.15 1 0
digital.vasic.lava.apigo/internal/gen/client/api.gen.go:244.43,245.11 1 0
digital.vasic.lava.apigo/internal/gen/client/api.gen.go:246.12,247.14 1 0
digital.vasic.lava.apigo/internal/gen/client/api.gen.go:248.10,249.15 1 0
digital.vasic.lava.apigo/internal/gen/client/api.gen.go:259.44,260.11 1 0
digital.vasic.lava.apigo/internal/gen/client/api.gen.go:261.13,262.14 1 0
digital.vasic.lava.apigo/internal/gen/client/api.gen.go:263.10,264.15 1 0
digital.vasic.lava.apigo/internal/gen/client/api.gen.go:274.46,275.11 1 0
digital.vasic.lava.apigo/internal/gen/client/api.gen.go:276.15,277.14 1 0
digital.vasic.lava.apigo/internal/gen/client/api.gen.go:278.10,279.15 1 0
digital.vasic.lava.apigo/internal/gen/client/api.gen.go:289.41,290.11 1 0
digital.vasic.lava.apigo/internal/gen/client/api.gen.go:291.10,292.14 1 0
digital.vasic.lava.apigo/internal/gen/client/api.gen.go:293.10,294.15 1 0
digital.vasic.lava.apigo/internal/gen/client/api.gen.go:304.44,305.11 1 0
digital.vasic.lava.apigo/internal/gen/client/api.gen.go:306.13,307.14 1 0
digital.vasic.lava.apigo/internal/gen/client/api.gen.go:308.10,309.15 1 0
digital.vasic.lava.apigo/internal/gen/client/api.gen.go:322.56,323.11 1 0
digital.vasic.lava.apigo/internal/gen/client/api.gen.go:324.14,325.14 1 0
digital.vasic.lava.apigo/internal/gen/client/api.gen.go:326.11,327.14 1 0
digital.vasic.lava.apigo/internal/gen/client/api.gen.go:328.13,329.14 1 0
digital.vasic.lava.apigo/internal/gen/client/api.gen.go:330.11,331.14 1 0
digital.vasic.lava.apigo/internal/gen/client/api.gen.go:332.10,333.15 1 0
digital.vasic.lava.apigo/internal/gen/client/api.gen.go:343.51,344.11 1 0
digital.vasic.lava.apigo/internal/gen/client/api.gen.go:345.20,346.14 1 0
digital.vasic.lava.apigo/internal/gen/client/api.gen.go:347.10,348.15 1 0
digital.vasic.lava.apigo/internal/gen/client/api.gen.go:358.45,359.11 1 0
digital.vasic.lava.apigo/internal/gen/client/api.gen.go:360.14,361.14 1 0
digital.vasic.lava.apigo/internal/gen/client/api.gen.go:362.10,363.15 1 0
digital.vasic.lava.apigo/internal/gen/client/api.gen.go:373.43,374.11 1 0
digital.vasic.lava.apigo/internal/gen/client/api.gen.go:375.12,376.14 1 0
digital.vasic.lava.apigo/internal/gen/client/api.gen.go:377.10,378.15 1 0
digital.vasic.lava.apigo/internal/gen/client/api.gen.go:388.43,389.11 1 0
digital.vasic.lava.apigo/internal/gen/client/api.gen.go:390.12,391.14 1 0
digital.vasic.lava.apigo/internal/gen/client/api.gen.go:392.10,393.15 1 0
digital.vasic.lava.apigo/internal/gen/client/api.gen.go:403.45,404.11 1 0
digital.vasic.lava.apigo/internal/gen/client/api.gen.go:405.14,406.14 1 0
digital.vasic.lava.apigo/internal/gen/client/api.gen.go:407.10,408.15 1 0
digital.vasic.lava.apigo/internal/gen/client/api.gen.go:418.44,419.11 1 0
digital.vasic.lava.apigo/internal/gen/client/api.gen.go:420.13,421.14 1 0
digital.vasic.lava.apigo/internal/gen/client/api.gen.go:422.10,423.15 1 0
digital.vasic.lava.apigo/internal/gen/client/api.gen.go:433.43,434.11 1 0
digital.vasic.lava.apigo/internal/gen/client/api.gen.go:435.31,436.14 1 0
digital.vasic.lava.apigo/internal/gen/client/api.gen.go:437.10,438.15 1 0
digital.vasic.lava.apigo/internal/gen/client/api.gen.go:448.46,449.11 1 0
digital.vasic.lava.apigo/internal/gen/client/api.gen.go:450.15,451.14 1 0
digital.vasic.lava.apigo/internal/gen/client/api.gen.go:452.10,453.15 1 0
digital.vasic.lava.apigo/internal/gen/client/api.gen.go:463.43,464.11 1 0
digital.vasic.lava.apigo/internal/gen/client/api.gen.go:465.12,466.14 1 0
digital.vasic.lava.apigo/internal/gen/client/api.gen.go:467.10,468.15 1 0
digital.vasic.lava.apigo/internal/gen/client/api.gen.go:478.49,479.11 1 0
digital.vasic.lava.apigo/internal/gen/client/api.gen.go:480.18,481.14 1 0
digital.vasic.lava.apigo/internal/gen/client/api.gen.go:482.10,483.15 1 0
digital.vasic.lava.apigo/internal/gen/client/api.gen.go:498.39,499.11 1 0
digital.vasic.lava.apigo/internal/gen/client/api.gen.go:500.15,501.14 1 0
digital.vasic.lava.apigo/internal/gen/client/api.gen.go:502.17,503.14 1 0
digital.vasic.lava.apigo/internal/gen/client/api.gen.go:504.21,505.14 1 0
digital.vasic.lava.apigo/internal/gen/client/api.gen.go:506.20,507.14 1 0
digital.vasic.lava.apigo/internal/gen/client/api.gen.go:508.16,509.14 1 0
digital.vasic.lava.apigo/internal/gen/client/api.gen.go:510.13,511.14 1 0
digital.vasic.lava.apigo/internal/gen/client/api.gen.go:512.10,513.15 1 0
digital.vasic.lava.apigo/internal/gen/client/api.gen.go:524.42,525.11 1 0
digital.vasic.lava.apigo/internal/gen/client/api.gen.go:526.17,527.14 1 0
digital.vasic.lava.apigo/internal/gen/client/api.gen.go:528.18,529.14 1 0
digital.vasic.lava.apigo/internal/gen/client/api.gen.go:530.10,531.15 1 0
digital.vasic.lava.apigo/internal/gen/client/api.gen.go:546.41,547.11 1 0
digital.vasic.lava.apigo/internal/gen/client/api.gen.go:548.29,549.14 1 0
digital.vasic.lava.apigo/internal/gen/client/api.gen.go:550.35,551.14 1 0
digital.vasic.lava.apigo/internal/gen/client/api.gen.go:552.32,553.14 1 0
digital.vasic.lava.apigo/internal/gen/client/api.gen.go:554.30,555.14 1 0
digital.vasic.lava.apigo/internal/gen/client/api.gen.go:556.29,557.14 1 0
digital.vasic.lava.apigo/internal/gen/client/api.gen.go:558.30,559.14 1 0
digital.vasic.lava.apigo/internal/gen/client/api.gen.go:560.10,561.15 1 0
digital.vasic.lava.apigo/internal/gen/client/api.gen.go:578.40,579.11 1 0
digital.vasic.lava.apigo/internal/gen/client/api.gen.go:580.16,581.14 1 0
digital.vasic.lava.apigo/internal/gen/client/api.gen.go:582.16,583.14 1 0
digital.vasic.lava.apigo/internal/gen/client/api.gen.go:584.14,585.14 1 0
digital.vasic.lava.apigo/internal/gen/client/api.gen.go:586.16,587.14 1 0
digital.vasic.lava.apigo/internal/gen/client/api.gen.go:588.17,589.14 1 0
digital.vasic.lava.apigo/internal/gen/client/api.gen.go:590.16,591.14 1 0
digital.vasic.lava.apigo/internal/gen/client/api.gen.go:592.21,593.14 1 0
digital.vasic.lava.apigo/internal/gen/client/api.gen.go:594.19,595.14 1 0
digital.vasic.lava.apigo/internal/gen/client/api.gen.go:596.10,597.15 1 0
digital.vasic.lava.apigo/internal/gen/client/api.gen.go:1239.85,1243.2 3 0
digital.vasic.lava.apigo/internal/gen/client/api.gen.go:1246.86,1251.2 4 0
digital.vasic.lava.apigo/internal/gen/client/api.gen.go:1254.87,1257.16 3 0
digital.vasic.lava.apigo/internal/gen/client/api.gen.go:1257.16,1259.3 1 0
digital.vasic.lava.apigo/internal/gen/client/api.gen.go:1261.2,1263.12 3 0
digital.vasic.lava.apigo/internal/gen/client/api.gen.go:1267.95,1271.2 3 0
digital.vasic.lava.apigo/internal/gen/client/api.gen.go:1274.96,1279.2 4 0
digital.vasic.lava.apigo/internal/gen/client/api.gen.go:1282.97,1285.16 3 0
digital.vasic.lava.apigo/internal/gen/client/api.gen.go:1285.16,1287.3 1 0
digital.vasic.lava.apigo/internal/gen/client/api.gen.go:1289.2,1291.12 3 0
digital.vasic.lava.apigo/internal/gen/client/api.gen.go:1295.101,1299.2 3 0
digital.vasic.lava.apigo/internal/gen/client/api.gen.go:1302.102,1307.2 4 0
digital.vasic.lava.apigo/internal/gen/client/api.gen.go:1310.103,1313.16 3 0
digital.vasic.lava.apigo/internal/gen/client/api.gen.go:1313.16,1315.3 1 0
digital.vasic.lava.apigo/internal/gen/client/api.gen.go:1317.2,1319.12 3 0
digital.vasic.lava.apigo/internal/gen/client/api.gen.go:1323.107,1327.2 3 0
digital.vasic.lava.apigo/internal/gen/client/api.gen.go:1330.108,1335.2 4 0
digital.vasic.lava.apigo/internal/gen/client/api.gen.go:1338.109,1341.16 3 0
digital.vasic.lava.apigo/internal/gen/client/api.gen.go:1341.16,1343.3 1 0
digital.vasic.lava.apigo/internal/gen/client/api.gen.go:1345.2,1347.12 3 0
digital.vasic.lava.apigo/internal/gen/client/api.gen.go:1350.58,1356.2 3 0
digital.vasic.lava.apigo/internal/gen/client/api.gen.go:1358.70,1360.16 2 0
digital.vasic.lava.apigo/internal/gen/client/api.gen.go:1360.16,1362.3 1 0
digital.vasic.lava.apigo/internal/gen/client/api.gen.go:1363.2,1363.23 1 0
digital.vasic.lava.apigo/internal/gen/client/api.gen.go:1364.25,1365.46 1 0
digital.vasic.lava.apigo/internal/gen/client/api.gen.go:1366.28,1367.49 1 0
digital.vasic.lava.apigo/internal/gen/client/api.gen.go:1368.17,1369.38 1 0
digital.vasic.lava.apigo/internal/gen/client/api.gen.go:1370.22,1371.43 1 0
digital.vasic.lava.apigo/internal/gen/client/api.gen.go:1372.10,1373.74 1 0
digital.vasic.lava.apigo/internal/gen/client/api.gen.go:1377.56,1380.2 2 0
digital.vasic.lava.apigo/internal/gen/client/api.gen.go:1382.57,1385.2 2 0
digital.vasic.lava.apigo/internal/gen/client/api.gen.go:1388.62,1392.2 3 0
digital.vasic.lava.apigo/internal/gen/client/api.gen.go:1395.63,1400.2 4 0
digital.vasic.lava.apigo/internal/gen/client/api.gen.go:1403.64,1406.16 3 0
digital.vasic.lava.apigo/internal/gen/client/api.gen.go:1406.16,1408.3 1 0
digital.vasic.lava.apigo/internal/gen/client/api.gen.go:1410.2,1412.12 3 0
digital.vasic.lava.apigo/internal/gen/client/api.gen.go:1416.64,1420.2 3 0
digital.vasic.lava.apigo/internal/gen/client/api.gen.go:1423.65,1428.2 4 0
digital.vasic.lava.apigo/internal/gen/client/api.gen.go:1431.66,1434.16 3 0
digital.vasic.lava.apigo/internal/gen/client/api.gen.go:1434.16,1436.3 1 0
digital.vasic.lava.apigo/internal/gen/client/api.gen.go:1438.2,1440.12 3 0
digital.vasic.lava.apigo/internal/gen/client/api.gen.go:1443.53,1449.2 3 0
digital.vasic.lava.apigo/internal/gen/client/api.gen.go:1451.65,1453.16 2 0
digital.vasic.lava.apigo/internal/gen/client/api.gen.go:1453.16,1455.3 1 0
digital.vasic.lava.apigo/internal/gen/client/api.gen.go:1456.2,1456.23 1 0
digital.vasic.lava.apigo/internal/gen/client/api.gen.go:1457.13,1458.29 1 0
digital.vasic.lava.apigo/internal/gen/client/api.gen.go:1459.14,1460.30 1 0
digital.vasic.lava.apigo/internal/gen/client/api.gen.go:1461.10,1462.74 1 0
digital.vasic.lava.apigo/internal/gen/client/api.gen.go:1466.51,1469.2 2 0
digital.vasic.lava.apigo/internal/gen/client/api.gen.go:1471.52,1474.2 2 0
digital.vasic.lava.apigo/internal/gen/client/api.gen.go:1477.75,1481.2 3 0
digital.vasic.lava.apigo/internal/gen/client/api.gen.go:1484.76,1489.2 4 0
digital.vasic.lava.apigo/internal/gen/client/api.gen.go:1492.77,1495.16 3 0
digital.vasic.lava.apigo/internal/gen/client/api.gen.go:1495.16,1497.3 1 0
digital.vasic.lava.apigo/internal/gen/client/api.gen.go:1499.2,1501.12 3 0
digital.vasic.lava.apigo/internal/gen/client/api.gen.go:1505.79,1509.2 3 0
digital.vasic.lava.apigo/internal/gen/client/api.gen.go:1512.80,1517.2 4 0
digital.vasic.lava.apigo/internal/gen/client/api.gen.go:1520.81,1523.16 3 0
digital.vasic.lava.apigo/internal/gen/client/api.gen.go:1523.16,1525.3 1 0
digital.vasic.lava.apigo/internal/gen/client/api.gen.go:1527.2,1529.12 3 0
digital.vasic.lava.apigo/internal/gen/client/api.gen.go:1533.89,1537.2 3 0
digital.vasic.lava.apigo/internal/gen/client/api.gen.go:1540.90,1545.2 4 0
digital.vasic.lava.apigo/internal/gen/client/api.gen.go:1548.91,1551.16 3 0
digital.vasic.lava.apigo/internal/gen/client/api.gen.go:1551.16,1553.3 1 0
digital.vasic.lava.apigo/internal/gen/client/api.gen.go:1555.2,1557.12 3 0
digital.vasic.lava.apigo/internal/gen/client/api.gen.go:1560.56,1566.2 3 0
digital.vasic.lava.apigo/internal/gen/client/api.gen.go:1568.68,1570.16 2 0
digital.vasic.lava.apigo/internal/gen/client/api.gen.go:1570.16,1572.3 1 0
digital.vasic.lava.apigo/internal/gen/client/api.gen.go:1573.2,1573.23 1 0
digital.vasic.lava.apigo/internal/gen/client/api.gen.go:1574.22,1575.41 1 0
digital.vasic.lava.apigo/internal/gen/client/api.gen.go:1576.15,1577.34 1 0
digital.vasic.lava.apigo/internal/gen/client/api.gen.go:1578.17,1579.36 1 0
digital.vasic.lava.apigo/internal/gen/client/api.gen.go:1580.10,1581.74 1 0
digital.vasic.lava.apigo/internal/gen/client/api.gen.go:1585.54,1588.2 2 0
digital.vasic.lava.apigo/internal/gen/client/api.gen.go:1590.55,1593.2 2 0
digital.vasic.lava.apigo/internal/gen/client/api.gen.go:1596.70,1600.2 3 0
digital.vasic.lava.apigo/internal/gen/client/api.gen.go:1603.71,1608.2 4 0
digital.vasic.lava.apigo/internal/gen/client/api.gen.go:1611.72,1614.16 3 0
digital.vasic.lava.apigo/internal/gen/client/api.gen.go:1614.16,1616.3 1 0
digital.vasic.lava.apigo/internal/gen/client/api.gen.go:1618.2,1620.12 3 0
digital.vasic.lava.apigo/internal/gen/client/api.gen.go:1624.68,1628.2 3 0
digital.vasic.lava.apigo/internal/gen/client/api.gen.go:1631.69,1636.2 4 0
digital.vasic.lava.apigo/internal/gen/client/api.gen.go:1639.70,1642.16 3 0
digital.vasic.lava.apigo/internal/gen/client/api.gen.go:1642.16,1644.3 1 0
digital.vasic.lava.apigo/internal/gen/client/api.gen.go:1646.2,1648.12 3 0
digital.vasic.lava.apigo/internal/gen/client/api.gen.go:1652.72,1656.2 3 0
digital.vasic.lava.apigo/internal/gen/client/api.gen.go:1659.73,1664.2 4 0
digital.vasic.lava.apigo/internal/gen/client/api.gen.go:1667.74,1670.16 3 0
digital.vasic.lava.apigo/internal/gen/client/api.gen.go:1670.16,1672.3 1 0
digital.vasic.lava.apigo/internal/gen/client/api.gen.go:1674.2,1676.12 3 0
digital.vasic.lava.apigo/internal/gen/client/api.gen.go:1680.70,1684.2 3 0
digital.vasic.lava.apigo/internal/gen/client/api.gen.go:1687.71,1692.2 4 0
digital.vasic.lava.apigo/internal/gen/client/api.gen.go:1695.72,1698.16 3 0
digital.vasic.lava.apigo/internal/gen/client/api.gen.go:1698.16,1700.3 1 0
digital.vasic.lava.apigo/internal/gen/client/api.gen.go:1702.2,1704.12 3 0
digital.vasic.lava.apigo/internal/gen/client/api.gen.go:1708.72,1712.2 3 0
digital.vasic.lava.apigo/internal/gen/client/api.gen.go:1715.73,1720.2 4 0
digital.vasic.lava.apigo/internal/gen/client/api.gen.go:1723.74,1726.16 3 0
digital.vasic.lava.apigo/internal/gen/client/api.gen.go:1726.16,1728.3 1 0
digital.vasic.lava.apigo/internal/gen/client/api.gen.go:1730.2,1732.12 3 0
digital.vasic.lava.apigo/internal/gen/client/api.gen.go:1736.70,1740.2 3 0
digital.vasic.lava.apigo/internal/gen/client/api.gen.go:1743.71,1748.2 4 0
digital.vasic.lava.apigo/internal/gen/client/api.gen.go:1751.72,1754.16 3 0
digital.vasic.lava.apigo/internal/gen/client/api.gen.go:1754.16,1756.3 1 0
digital.vasic.lava.apigo/internal/gen/client/api.gen.go:1758.2,1760.12 3 0
digital.vasic.lava.apigo/internal/gen/client/api.gen.go:1764.74,1768.2 3 0
digital.vasic.lava.apigo/internal/gen/client/api.gen.go:1771.75,1776.2 4 0
digital.vasic.lava.apigo/internal/gen/client/api.gen.go:1779.76,1782.16 3 0
digital.vasic.lava.apigo/internal/gen/client/api.gen.go:1782.16,1784.3 1 0
digital.vasic.lava.apigo/internal/gen/client/api.gen.go:1786.2,1788.12 3 0
digital.vasic.lava.apigo/internal/gen/client/api.gen.go:1792.82,1796.2 3 0
digital.vasic.lava.apigo/internal/gen/client/api.gen.go:1799.83,1804.2 4 0
digital.vasic.lava.apigo/internal/gen/client/api.gen.go:1807.84,1810.16 3 0
digital.vasic.lava.apigo/internal/gen/client/api.gen.go:1810.16,1812.3 1 0
digital.vasic.lava.apigo/internal/gen/client/api.gen.go:1814.2,1816.12 3 0
digital.vasic.lava.apigo/internal/gen/client/api.gen.go:1820.76,1824.2 3 0
digital.vasic.lava.apigo/internal/gen/client/api.gen.go:1827.77,1832.2 4 0
digital.vasic.lava.apigo/internal/gen/client/api.gen.go:1835.78,1838.16 3 0
digital.vasic.lava.apigo/internal/gen/client/api.gen.go:1838.16,1840.3 1 0
digital.vasic.lava.apigo/internal/gen/client/api.gen.go:1842.2,1844.12 3 0
digital.vasic.lava.apigo/internal/gen/client/api.gen.go:1848.72,1852.2 3 0
digital.vasic.lava.apigo/internal/gen/client/api.gen.go:1855.73,1860.2 4 0
digital.vasic.lava.apigo/internal/gen/client/api.gen.go:1863.74,1866.16 3 0
digital.vasic.lava.apigo/internal/gen/client/api.gen.go:1866.16,1868.3 1 0
digital.vasic.lava.apigo/internal/gen/client/api.gen.go:1870.2,1872.12 3 0
digital.vasic.lava.apigo/internal/gen/client/api.gen.go:1876.70,1880.2 3 0
digital.vasic.lava.apigo/internal/gen/client/api.gen.go:1883.71,1888.2 4 0
digital.vasic.lava.apigo/internal/gen/client/api.gen.go:1891.72,1894.16 3 0
digital.vasic.lava.apigo/internal/gen/client/api.gen.go:1894.16,1896.3 1 0
digital.vasic.lava.apigo/internal/gen/client/api.gen.go:1898.2,1900.12 3 0
digital.vasic.lava.apigo/internal/gen/client/api.gen.go:1904.76,1908.2 3 0
digital.vasic.lava.apigo/internal/gen/client/api.gen.go:1911.77,1916.2 4 0
digital.vasic.lava.apigo/internal/gen/client/api.gen.go:1919.78,1922.16 3 0
digital.vasic.lava.apigo/internal/gen/client/api.gen.go:1922.16,1924.3 1 0
digital.vasic.lava.apigo/internal/gen/client/api.gen.go:1926.2,1928.12 3 0
digital.vasic.lava.apigo/internal/gen/client/api.gen.go:1932.72,1936.2 3 0
digital.vasic.lava.apigo/internal/gen/client/api.gen.go:1939.73,1944.2 4 0
digital.vasic.lava.apigo/internal/gen/client/api.gen.go:1947.74,1950.16 3 0
digital.vasic.lava.apigo/internal/gen/client/api.gen.go:1950.16,1952.3 1 0
digital.vasic.lava.apigo/internal/gen/client/api.gen.go:1954.2,1956.12 3 0
digital.vasic.lava.apigo/internal/gen/client/api.gen.go:1960.86,1964.2 3 0
digital.vasic.lava.apigo/internal/gen/client/api.gen.go:1967.87,1972.2 4 0
digital.vasic.lava.apigo/internal/gen/client/api.gen.go:1975.88,1978.16 3 0
digital.vasic.lava.apigo/internal/gen/client/api.gen.go:1978.16,1980.3 1 0
digital.vasic.lava.apigo/internal/gen/client/api.gen.go:1982.2,1984.12 3 0
digital.vasic.lava.apigo/internal/gen/client/api.gen.go:1988.70,1992.2 3 0
digital.vasic.lava.apigo/internal/gen/client/api.gen.go:1995.71,2000.2 4 0
digital.vasic.lava.apigo/internal/gen/client/api.gen.go:2003.72,2006.16 3 0
digital.vasic.lava.apigo/internal/gen/client/api.gen.go:2006.16,2008.3 1 0
digital.vasic.lava.apigo/internal/gen/client/api.gen.go:2010.2,2012.12 3 0
digital.vasic.lava.apigo/internal/gen/client/api.gen.go:2016.70,2020.2 3 0
digital.vasic.lava.apigo/internal/gen/client/api.gen.go:2023.71,2028.2 4 0
digital.vasic.lava.apigo/internal/gen/client/api.gen.go:2031.72,2034.16 3 0
digital.vasic.lava.apigo/internal/gen/client/api.gen.go:2034.16,2036.3 1 0
digital.vasic.lava.apigo/internal/gen/client/api.gen.go:2038.2,2040.12 3 0
digital.vasic.lava.apigo/internal/gen/client/api.gen.go:2044.66,2048.2 3 0
digital.vasic.lava.apigo/internal/gen/client/api.gen.go:2051.67,2056.2 4 0
digital.vasic.lava.apigo/internal/gen/client/api.gen.go:2059.68,2062.16 3 0
digital.vasic.lava.apigo/internal/gen/client/api.gen.go:2062.16,2064.3 1 0
digital.vasic.lava.apigo/internal/gen/client/api.gen.go:2066.2,2068.12 3 0
digital.vasic.lava.apigo/internal/gen/client/api.gen.go:2072.66,2076.2 3 0
digital.vasic.lava.apigo/internal/gen/client/api.gen.go:2079.67,2084.2 4 0
digital.vasic.lava.apigo/internal/gen/client/api.gen.go:2087.68,2090.16 3 0
digital.vasic.lava.apigo/internal/gen/client/api.gen.go:2090.16,2092.3 1 0
digital.vasic.lava.apigo/internal/gen/client/api.gen.go:2094.2,2096.12 3 0
digital.vasic.lava.apigo/internal/gen/client/api.gen.go:2100.74,2104.2 3 0
digital.vasic.lava.apigo/internal/gen/client/api.gen.go:2107.75,2112.2 4 0
digital.vasic.lava.apigo/internal/gen/client/api.gen.go:2115.76,2118.16 3 0
digital.vasic.lava.apigo/internal/gen/client/api.gen.go:2118.16,2120.3 1 0
digital.vasic.lava.apigo/internal/gen/client/api.gen.go:2122.2,2124.12 3 0
digital.vasic.lava.apigo/internal/gen/client/api.gen.go:2127.57,2133.2 3 0
digital.vasic.lava.apigo/internal/gen/client/api.gen.go:2135.69,2137.16 2 0
digital.vasic.lava.apigo/internal/gen/client/api.gen.go:2137.16,2139.3 1 0
digital.vasic.lava.apigo/internal/gen/client/api.gen.go:2140.2,2140.23 1 0
digital.vasic.lava.apigo/internal/gen/client/api.gen.go:2141.15,2142.32 1 0
digital.vasic.lava.apigo/internal/gen/client/api.gen.go:2143.14,2144.31 1 0
digital.vasic.lava.apigo/internal/gen/client/api.gen.go:2145.13,2146.30 1 0
digital.vasic.lava.apigo/internal/gen/client/api.gen.go:2147.12,2148.29 1 0
digital.vasic.lava.apigo/internal/gen/client/api.gen.go:2149.14,2150.31 1 0
digital.vasic.lava.apigo/internal/gen/client/api.gen.go:2151.15,2152.32 1 0
digital.vasic.lava.apigo/internal/gen/client/api.gen.go:2153.17,2154.34 1 0
digital.vasic.lava.apigo/internal/gen/client/api.gen.go:2155.12,2156.29 1 0
digital.vasic.lava.apigo/internal/gen/client/api.gen.go:2157.15,2158.32 1 0
digital.vasic.lava.apigo/internal/gen/client/api.gen.go:2159.22,2160.39 1 0
digital.vasic.lava.apigo/internal/gen/client/api.gen.go:2161.16,2162.33 1 0
digital.vasic.lava.apigo/internal/gen/client/api.gen.go:2163.14,2164.31 1 0
digital.vasic.lava.apigo/internal/gen/client/api.gen.go:2165.14,2166.31 1 0
digital.vasic.lava.apigo/internal/gen/client/api.gen.go:2167.16,2168.33 1 0
digital.vasic.lava.apigo/internal/gen/client/api.gen.go:2169.15,2170.32 1 0
digital.vasic.lava.apigo/internal/gen/client/api.gen.go:2171.14,2172.31 1 0
digital.vasic.lava.apigo/internal/gen/client/api.gen.go:2173.17,2174.34 1 0
digital.vasic.lava.apigo/internal/gen/client/api.gen.go:2175.14,2176.31 1 0
digital.vasic.lava.apigo/internal/gen/client/api.gen.go:2177.20,2178.37 1 0
digital.vasic.lava.apigo/internal/gen/client/api.gen.go:2179.10,2180.74 1 0
digital.vasic.lava.apigo/internal/gen/client/api.gen.go:2184.55,2187.2 2 0
digital.vasic.lava.apigo/internal/gen/client/api.gen.go:2189.56,2192.2 2 0
digital.vasic.lava.apigo/internal/gen/client/api.gen.go:2225.70,2231.25 2 0
digital.vasic.lava.apigo/internal/gen/client/api.gen.go:2231.25,2232.36 1 0
digital.vasic.lava.apigo/internal/gen/client/api.gen.go:2232.36,2234.4 1 0
digital.vasic.lava.apigo/internal/gen/client/api.gen.go:2237.2,2237.44 1 0
digital.vasic.lava.apigo/internal/gen/client/api.gen.go:2237.44,2239.3 1 0
digital.vasic.lava.apigo/internal/gen/client/api.gen.go:2241.2,2241.26 1 0
digital.vasic.lava.apigo/internal/gen/client/api.gen.go:2241.26,2243.3 1 0
digital.vasic.lava.apigo/internal/gen/client/api.gen.go:2244.2,2244.21 1 0
digital.vasic.lava.apigo/internal/gen/client/api.gen.go:2249.56,2250.31 1 0
digital.vasic.lava.apigo/internal/gen/client/api.gen.go:2250.31,2253.3 2 0
digital.vasic.lava.apigo/internal/gen/client/api.gen.go:2258.59,2259.31 1 0
digital.vasic.lava.apigo/internal/gen/client/api.gen.go:2259.31,2262.3 2 0
digital.vasic.lava.apigo/internal/gen/client/api.gen.go:2320.125,2322.16 2 0
digital.vasic.lava.apigo/internal/gen/client/api.gen.go:2322.16,2324.3 1 0
digital.vasic.lava.apigo/internal/gen/client/api.gen.go:2325.2,2326.61 2 0
digital.vasic.lava.apigo/internal/gen/client/api.gen.go:2326.61,2328.3 1 0
digital.vasic.lava.apigo/internal/gen/client/api.gen.go:2329.2,2329.25 1 0
digital.vasic.lava.apigo/internal/gen/client/api.gen.go:2332.118,2334.16 2 0
digital.vasic.lava.apigo/internal/gen/client/api.gen.go:2334.16,2336.3 1 0
digital.vasic.lava.apigo/internal/gen/client/api.gen.go:2337.2,2338.61 2 0
digital.vasic.lava.apigo/internal/gen/client/api.gen.go:2338.61,2340.3 1 0
digital.vasic.lava.apigo/internal/gen/client/api.gen.go:2341.2,2341.25 1 0
digital.vasic.lava.apigo/internal/gen/client/api.gen.go:2344.152,2346.16 2 0
digital.vasic.lava.apigo/internal/gen/client/api.gen.go:2346.16,2348.3 1 0
digital.vasic.lava.apigo/internal/gen/client/api.gen.go:2349.2,2350.61 2 0
digital.vasic.lava.apigo/internal/gen/client/api.gen.go:2350.61,2352.3 1 0
digital.vasic.lava.apigo/internal/gen/client/api.gen.go:2353.2,2353.25 1 0
digital.vasic.lava.apigo/internal/gen/client/api.gen.go:2356.188,2358.16 2 0
digital.vasic.lava.apigo/internal/gen/client/api.gen.go:2358.16,2360.3 1 0
digital.vasic.lava.apigo/internal/gen/client/api.gen.go:2361.2,2362.61 2 0
digital.vasic.lava.apigo/internal/gen/client/api.gen.go:2362.61,2364.3 1 0
digital.vasic.lava.apigo/internal/gen/client/api.gen.go:2365.2,2365.25 1 0
digital.vasic.lava.apigo/internal/gen/client/api.gen.go:2368.189,2370.16 2 0
digital.vasic.lava.apigo/internal/gen/client/api.gen.go:2370.16,2372.3 1 0
digital.vasic.lava.apigo/internal/gen/client/api.gen.go:2373.2,2374.61 2 0
digital.vasic.lava.apigo/internal/gen/client/api.gen.go:2374.61,2376.3 1 0
digital.vasic.lava.apigo/internal/gen/client/api.gen.go:2377.2,2377.25 1 0
digital.vasic.lava.apigo/internal/gen/client/api.gen.go:2380.144,2382.16 2 0
digital.vasic.lava.apigo/internal/gen/client/api.gen.go:2382.16,2384.3 1 0
digital.vasic.lava.apigo/internal/gen/client/api.gen.go:2385.2,2386.61 2 0
digital.vasic.lava.apigo/internal/gen/client/api.gen.go:2386.61,2388.3 1 0
digital.vasic.lava.apigo/internal/gen/client/api.gen.go:2389.2,2389.25 1 0
digital.vasic.lava.apigo/internal/gen/client/api.gen.go:2392.135,2394.16 2 0
digital.vasic.lava.apigo/internal/gen/client/api.gen.go:2394.16,2396.3 1 0
digital.vasic.lava.apigo/internal/gen/client/api.gen.go:2397.2,2398.61 2 0
digital.vasic.lava.apigo/internal/gen/client/api.gen.go:2398.61,2400.3 1 0
digital.vasic.lava.apigo/internal/gen/client/api.gen.go:2401.2,2401.25 1 0
digital.vasic.lava.apigo/internal/gen/client/api.gen.go:2404.154,2406.16 2 0
digital.vasic.lava.apigo/internal/gen/client/api.gen.go:2406.16,2408.3 1 0
digital.vasic.lava.apigo/internal/gen/client/api.gen.go:2409.2,2410.61 2 0
digital.vasic.lava.apigo/internal/gen/client/api.gen.go:2410.61,2412.3 1 0
digital.vasic.lava.apigo/internal/gen/client/api.gen.go:2413.2,2413.25 1 0
digital.vasic.lava.apigo/internal/gen/client/api.gen.go:2416.160,2418.16 2 0
digital.vasic.lava.apigo/internal/gen/client/api.gen.go:2418.16,2420.3 1 0
digital.vasic.lava.apigo/internal/gen/client/api.gen.go:2421.2,2422.61 2 0
digital.vasic.lava.apigo/internal/gen/client/api.gen.go:2422.61,2424.3 1 0
digital.vasic.lava.apigo/internal/gen/client/api.gen.go:2425.2,2425.25 1 0
digital.vasic.lava.apigo/internal/gen/client/api.gen.go:2428.127,2430.16 2 0
digital.vasic.lava.apigo/internal/gen/client/api.gen.go:2430.16,2432.3 1 0
digital.vasic.lava.apigo/internal/gen/client/api.gen.go:2433.2,2434.61 2 0
digital.vasic.lava.apigo/internal/gen/client/api.gen.go:2434.61,2436.3 1 0
digital.vasic.lava.apigo/internal/gen/client/api.gen.go:2437.2,2437.25 1 0
digital.vasic.lava.apigo/internal/gen/client/api.gen.go:2440.152,2442.16 2 0
digital.vasic.lava.apigo/internal/gen/client/api.gen.go:2442.16,2444.3 1 0
digital.vasic.lava.apigo/internal/gen/client/api.gen.go:2445.2,2446.61 2 0
digital.vasic.lava.apigo/internal/gen/client/api.gen.go:2446.61,2448.3 1 0
digital.vasic.lava.apigo/internal/gen/client/api.gen.go:2449.2,2449.25 1 0
digital.vasic.lava.apigo/internal/gen/client/api.gen.go:2452.127,2454.16 2 0
digital.vasic.lava.apigo/internal/gen/client/api.gen.go:2454.16,2456.3 1 0
digital.vasic.lava.apigo/internal/gen/client/api.gen.go:2457.2,2458.61 2 0
digital.vasic.lava.apigo/internal/gen/client/api.gen.go:2458.61,2460.3 1 0
digital.vasic.lava.apigo/internal/gen/client/api.gen.go:2461.2,2461.25 1 0
digital.vasic.lava.apigo/internal/gen/client/api.gen.go:2464.148,2466.16 2 0
digital.vasic.lava.apigo/internal/gen/client/api.gen.go:2466.16,2468.3 1 0
digital.vasic.lava.apigo/internal/gen/client/api.gen.go:2469.2,2470.61 2 0
digital.vasic.lava.apigo/internal/gen/client/api.gen.go:2470.61,2472.3 1 0
digital.vasic.lava.apigo/internal/gen/client/api.gen.go:2473.2,2473.25 1 0
digital.vasic.lava.apigo/internal/gen/client/api.gen.go:2476.155,2478.16 2 0
digital.vasic.lava.apigo/internal/gen/client/api.gen.go:2478.16,2480.3 1 0
digital.vasic.lava.apigo/internal/gen/client/api.gen.go:2481.2,2482.61 2 0
digital.vasic.lava.apigo/internal/gen/client/api.gen.go:2482.61,2484.3 1 0
digital.vasic.lava.apigo/internal/gen/client/api.gen.go:2485.2,2485.25 1 0
digital.vasic.lava.apigo/internal/gen/client/api.gen.go:2488.129,2490.16 2 0
digital.vasic.lava.apigo/internal/gen/client/api.gen.go:2490.16,2492.3 1 0
digital.vasic.lava.apigo/internal/gen/client/api.gen.go:2493.2,2494.61 2 0
digital.vasic.lava.apigo/internal/gen/client/api.gen.go:2494.61,2496.3 1 0
digital.vasic.lava.apigo/internal/gen/client/api.gen.go:2497.2,2497.25 1 0
digital.vasic.lava.apigo/internal/gen/client/api.gen.go:2500.138,2502.16 2 0
digital.vasic.lava.apigo/internal/gen/client/api.gen.go:2502.16,2504.3 1 0
digital.vasic.lava.apigo/internal/gen/client/api.gen.go:2505.2,2506.61 2 0
digital.vasic.lava.apigo/internal/gen/client/api.gen.go:2506.61,2508.3 1 0
digital.vasic.lava.apigo/internal/gen/client/api.gen.go:2509.2,2509.25 1 0
digital.vasic.lava.apigo/internal/gen/client/api.gen.go:2512.146,2514.16 2 0
digital.vasic.lava.apigo/internal/gen/client/api.gen.go:2514.16,2516.3 1 0
digital.vasic.lava.apigo/internal/gen/client/api.gen.go:2517.2,2518.61 2 0
digital.vasic.lava.apigo/internal/gen/client/api.gen.go:2518.61,2520.3 1 0
digital.vasic.lava.apigo/internal/gen/client/api.gen.go:2521.2,2521.25 1 0
digital.vasic.lava.apigo/internal/gen/client/api.gen.go:2524.142,2526.16 2 0
digital.vasic.lava.apigo/internal/gen/client/api.gen.go:2526.16,2528.3 1 0
digital.vasic.lava.apigo/internal/gen/client/api.gen.go:2529.2,2530.61 2 0
digital.vasic.lava.apigo/internal/gen/client/api.gen.go:2530.61,2532.3 1 0
digital.vasic.lava.apigo/internal/gen/client/api.gen.go:2533.2,2533.25 1 0
digital.vasic.lava.apigo/internal/gen/client/api.gen.go:2537.85,2541.16 3 0
digital.vasic.lava.apigo/internal/gen/client/api.gen.go:2541.16,2543.3 1 0
digital.vasic.lava.apigo/internal/gen/client/api.gen.go:2545.2,2546.29 2 0
digital.vasic.lava.apigo/internal/gen/client/api.gen.go:2546.29,2548.3 1 0
digital.vasic.lava.apigo/internal/gen/client/api.gen.go:2550.2,2551.16 2 0
digital.vasic.lava.apigo/internal/gen/client/api.gen.go:2551.16,2553.3 1 0
digital.vasic.lava.apigo/internal/gen/client/api.gen.go:2555.2,2556.16 2 0
digital.vasic.lava.apigo/internal/gen/client/api.gen.go:2556.16,2558.3 1 0
digital.vasic.lava.apigo/internal/gen/client/api.gen.go:2560.2,2560.19 1 0
digital.vasic.lava.apigo/internal/gen/client/api.gen.go:2560.19,2562.30 1 0
digital.vasic.lava.apigo/internal/gen/client/api.gen.go:2562.30,2566.18 3 0
digital.vasic.lava.apigo/internal/gen/client/api.gen.go:2566.18,2568.5 1 0
digital.vasic.lava.apigo/internal/gen/client/api.gen.go:2570.4,2570.46 1 0
digital.vasic.lava.apigo/internal/gen/client/api.gen.go:2575.2,2575.17 1 0
digital.vasic.lava.apigo/internal/gen/client/api.gen.go:2579.78,2585.16 4 0
digital.vasic.lava.apigo/internal/gen/client/api.gen.go:2585.16,2587.3 1 0
digital.vasic.lava.apigo/internal/gen/client/api.gen.go:2589.2,2590.16 2 0
digital.vasic.lava.apigo/internal/gen/client/api.gen.go:2590.16,2592.3 1 0
digital.vasic.lava.apigo/internal/gen/client/api.gen.go:2594.2,2595.29 2 0
digital.vasic.lava.apigo/internal/gen/client/api.gen.go:2595.29,2597.3 1 0
digital.vasic.lava.apigo/internal/gen/client/api.gen.go:2599.2,2600.16 2 0
digital.vasic.lava.apigo/internal/gen/client/api.gen.go:2600.16,2602.3 1 0
digital.vasic.lava.apigo/internal/gen/client/api.gen.go:2604.2,2605.16 2 0
digital.vasic.lava.apigo/internal/gen/client/api.gen.go:2605.16,2607.3 1 0
digital.vasic.lava.apigo/internal/gen/client/api.gen.go:2609.2,2609.17 1 0
digital.vasic.lava.apigo/internal/gen/client/api.gen.go:2613.112,2619.16 4 0
digital.vasic.lava.apigo/internal/gen/client/api.gen.go:2619.16,2621.3 1 0
digital.vasic.lava.apigo/internal/gen/client/api.gen.go:2623.2,2624.16 2 0
digital.vasic.lava.apigo/internal/gen/client/api.gen.go:2624.16,2626.3 1 0
digital.vasic.lava.apigo/internal/gen/client/api.gen.go:2628.2,2629.29 2 0
digital.vasic.lava.apigo/internal/gen/client/api.gen.go:2629.29,2631.3 1 0
digital.vasic.lava.apigo/internal/gen/client/api.gen.go:2633.2,2634.16 2 0
digital.vasic.lava.apigo/internal/gen/client/api.gen.go:2634.16,2636.3 1 0
digital.vasic.lava.apigo/internal/gen/client/api.gen.go:2638.2,2638.19 1 0
digital.vasic.lava.apigo/internal/gen/client/api.gen.go:2638.19,2641.25 2 0
digital.vasic.lava.apigo/internal/gen/client/api.gen.go:2641.25,2643.207 1 0
digital.vasic.lava.apigo/internal/gen/client/api.gen.go:2643.207,2645.5 1 0
digital.vasic.lava.apigo/internal/gen/client/api.gen.go:2645.10,2645.67 1 0
digital.vasic.lava.apigo/internal/gen/client/api.gen.go:2645.67,2647.5 1 0
digital.vasic.lava.apigo/internal/gen/client/api.gen.go:2647.10,2648.30 1 0
digital.vasic.lava.apigo/internal/gen/client/api.gen.go:2648.30,2649.27 1 0
digital.vasic.lava.apigo/internal/gen/client/api.gen.go:2649.27,2651.7 1 0
digital.vasic.lava.apigo/internal/gen/client/api.gen.go:2657.3,2657.43 1 0
digital.vasic.lava.apigo/internal/gen/client/api.gen.go:2660.2,2661.16 2 0
digital.vasic.lava.apigo/internal/gen/client/api.gen.go:2661.16,2663.3 1 0
digital.vasic.lava.apigo/internal/gen/client/api.gen.go:2665.2,2665.19 1 0
digital.vasic.lava.apigo/internal/gen/client/api.gen.go:2665.19,2667.30 1 0
digital.vasic.lava.apigo/internal/gen/client/api.gen.go:2667.30,2671.18 3 0
digital.vasic.lava.apigo/internal/gen/client/api.gen.go:2671.18,2673.5 1 0
digital.vasic.lava.apigo/internal/gen/client/api.gen.go:2675.4,2675.46 1 0
digital.vasic.lava.apigo/internal/gen/client/api.gen.go:2680.2,2680.17 1 0
digital.vasic.lava.apigo/internal/gen/client/api.gen.go:2684.149,2688.2 3 0
digital.vasic.lava.apigo/internal/gen/client/api.gen.go:2691.148,2697.16 4 0
digital.vasic.lava.apigo/internal/gen/client/api.gen.go:2697.16,2699.3 1 0
digital.vasic.lava.apigo/internal/gen/client/api.gen.go:2701.2,2702.16 2 0
digital.vasic.lava.apigo/internal/gen/client/api.gen.go:2702.16,2704.3 1 0
digital.vasic.lava.apigo/internal/gen/client/api.gen.go:2706.2,2707.29 2 0
digital.vasic.lava.apigo/internal/gen/client/api.gen.go:2707.29,2709.3 1 0
digital.vasic.lava.apigo/internal/gen/client/api.gen.go:2711.2,2712.16 2 0
digital.vasic.lava.apigo/internal/gen/client/api.gen.go:2712.16,2714.3 1 0
digital.vasic.lava.apigo/internal/gen/client/api.gen.go:2716.2,2717.16 2 0
digital.vasic.lava.apigo/internal/gen/client/api.gen.go:2717.16,2719.3 1 0
digital.vasic.lava.apigo/internal/gen/client/api.gen.go:2721.2,2723.19 2 0
digital.vasic.lava.apigo/internal/gen/client/api.gen.go:2723.19,2725.30 1 0
digital.vasic.lava.apigo/internal/gen/client/api.gen.go:2725.30,2729.18 3 0
digital.vasic.lava.apigo/internal/gen/client/api.gen.go:2729.18,2731.5 1 0
digital.vasic.lava.apigo/internal/gen/client/api.gen.go:2733.4,2733.46 1 0
digital.vasic.lava.apigo/internal/gen/client/api.gen.go:2738.2,2738.17 1 0
digital.vasic.lava.apigo/internal/gen/client/api.gen.go:2742.104,2748.16 4 0
digital.vasic.lava.apigo/internal/gen/client/api.gen.go:2748.16,2750.3 1 0
digital.vasic.lava.apigo/internal/gen/client/api.gen.go:2752.2,2753.16 2 0
digital.vasic.lava.apigo/internal/gen/client/api.gen.go:2753.16,2755.3 1 0
digital.vasic.lava.apigo/internal/gen/client/api.gen.go:2757.2,2758.29 2 0
digital.vasic.lava.apigo/internal/gen/client/api.gen.go:2758.29,2760.3 1 0
digital.vasic.lava.apigo/internal/gen/client/api.gen.go:2762.2,2763.16 2 0
digital.vasic.lava.apigo/internal/gen/client/api.gen.go:2763.16,2765.3 1 0
digital.vasic.lava.apigo/internal/gen/client/api.gen.go:2767.2,2768.16 2 0
digital.vasic.lava.apigo/internal/gen/client/api.gen.go:2768.16,2770.3 1 0
digital.vasic.lava.apigo/internal/gen/client/api.gen.go:2772.2,2772.19 1 0
digital.vasic.lava.apigo/internal/gen/client/api.gen.go:2772.19,2774.30 1 0
digital.vasic.lava.apigo/internal/gen/client/api.gen.go:2774.30,2778.18 3 0
digital.vasic.lava.apigo/internal/gen/client/api.gen.go:2778.18,2780.5 1 0
digital.vasic.lava.apigo/internal/gen/client/api.gen.go:2782.4,2782.46 1 0
digital.vasic.lava.apigo/internal/gen/client/api.gen.go:2787.2,2787.17 1 0
digital.vasic.lava.apigo/internal/gen/client/api.gen.go:2791.95,2795.16 3 0
digital.vasic.lava.apigo/internal/gen/client/api.gen.go:2795.16,2797.3 1 0
digital.vasic.lava.apigo/internal/gen/client/api.gen.go:2799.2,2800.29 2 0
digital.vasic.lava.apigo/internal/gen/client/api.gen.go:2800.29,2802.3 1 0
digital.vasic.lava.apigo/internal/gen/client/api.gen.go:2804.2,2805.16 2 0
digital.vasic.lava.apigo/internal/gen/client/api.gen.go:2805.16,2807.3 1 0
digital.vasic.lava.apigo/internal/gen/client/api.gen.go:2809.2,2810.16 2 0
digital.vasic.lava.apigo/internal/gen/client/api.gen.go:2810.16,2812.3 1 0
digital.vasic.lava.apigo/internal/gen/client/api.gen.go:2814.2,2814.19 1 0
digital.vasic.lava.apigo/internal/gen/client/api.gen.go:2814.19,2816.30 1 0
digital.vasic.lava.apigo/internal/gen/client/api.gen.go:2816.30,2820.18 3 0
digital.vasic.lava.apigo/internal/gen/client/api.gen.go:2820.18,2822.5 1 0
digital.vasic.lava.apigo/internal/gen/client/api.gen.go:2824.4,2824.46 1 0
digital.vasic.lava.apigo/internal/gen/client/api.gen.go:2829.2,2829.17 1 0
digital.vasic.lava.apigo/internal/gen/client/api.gen.go:2833.114,2839.16 4 0
digital.vasic.lava.apigo/internal/gen/client/api.gen.go:2839.16,2841.3 1 0
digital.vasic.lava.apigo/internal/gen/client/api.gen.go:2843.2,2844.16 2 0
digital.vasic.lava.apigo/internal/gen/client/api.gen.go:2844.16,2846.3 1 0
digital.vasic.lava.apigo/internal/gen/client/api.gen.go:2848.2,2849.29 2 0
digital.vasic.lava.apigo/internal/gen/client/api.gen.go:2849.29,2851.3 1 0
digital.vasic.lava.apigo/internal/gen/client/api.gen.go:2853.2,2854.16 2 0
digital.vasic.lava.apigo/internal/gen/client/api.gen.go:2854.16,2856.3 1 0
digital.vasic.lava.apigo/internal/gen/client/api.gen.go:2858.2,2859.16 2 0
digital.vasic.lava.apigo/internal/gen/client/api.gen.go:2859.16,2861.3 1 0
digital.vasic.lava.apigo/internal/gen/client/api.gen.go:2863.2,2863.19 1 0
digital.vasic.lava.apigo/internal/gen/client/api.gen.go:2863.19,2865.30 1 0
digital.vasic.lava.apigo/internal/gen/client/api.gen.go:2865.30,2869.18 3 0
digital.vasic.lava.apigo/internal/gen/client/api.gen.go:2869.18,2871.5 1 0
digital.vasic.lava.apigo/internal/gen/client/api.gen.go:2873.4,2873.46 1 0
digital.vasic.lava.apigo/internal/gen/client/api.gen.go:2878.2,2878.17 1 0
digital.vasic.lava.apigo/internal/gen/client/api.gen.go:2882.120,2888.16 4 0
digital.vasic.lava.apigo/internal/gen/client/api.gen.go:2888.16,2890.3 1 0
digital.vasic.lava.apigo/internal/gen/client/api.gen.go:2892.2,2893.16 2 0
digital.vasic.lava.apigo/internal/gen/client/api.gen.go:2893.16,2895.3 1 0
digital.vasic.lava.apigo/internal/gen/client/api.gen.go:2897.2,2898.29 2 0
digital.vasic.lava.apigo/internal/gen/client/api.gen.go:2898.29,2900.3 1 0
digital.vasic.lava.apigo/internal/gen/client/api.gen.go:2902.2,2903.16 2 0
digital.vasic.lava.apigo/internal/gen/client/api.gen.go:2903.16,2905.3 1 0
digital.vasic.lava.apigo/internal/gen/client/api.gen.go:2907.2,2908.16 2 0
digital.vasic.lava.apigo/internal/gen/client/api.gen.go:2908.16,2910.3 1 0
digital.vasic.lava.apigo/internal/gen/client/api.gen.go:2912.2,2912.19 1 0
digital.vasic.lava.apigo/internal/gen/client/api.gen.go:2912.19,2914.30 1 0
digital.vasic.lava.apigo/internal/gen/client/api.gen.go:2914.30,2918.18 3 0
digital.vasic.lava.apigo/internal/gen/client/api.gen.go:2918.18,2920.5 1 0
digital.vasic.lava.apigo/internal/gen/client/api.gen.go:2922.4,2922.46 1 0
digital.vasic.lava.apigo/internal/gen/client/api.gen.go:2927.2,2927.17 1 0
digital.vasic.lava.apigo/internal/gen/client/api.gen.go:2931.87,2935.16 3 0
digital.vasic.lava.apigo/internal/gen/client/api.gen.go:2935.16,2937.3 1 0
digital.vasic.lava.apigo/internal/gen/client/api.gen.go:2939.2,2940.29 2 0
digital.vasic.lava.apigo/internal/gen/client/api.gen.go:2940.29,2942.3 1 0
digital.vasic.lava.apigo/internal/gen/client/api.gen.go:2944.2,2945.16 2 0
digital.vasic.lava.apigo/internal/gen/client/api.gen.go:2945.16,2947.3 1 0
digital.vasic.lava.apigo/internal/gen/client/api.gen.go:2949.2,2950.16 2 0
digital.vasic.lava.apigo/internal/gen/client/api.gen.go:2950.16,2952.3 1 0
digital.vasic.lava.apigo/internal/gen/client/api.gen.go:2954.2,2954.19 1 0
digital.vasic.lava.apigo/internal/gen/client/api.gen.go:2954.19,2956.30 1 0
digital.vasic.lava.apigo/internal/gen/client/api.gen.go:2956.30,2960.18 3 0
digital.vasic.lava.apigo/internal/gen/client/api.gen.go:2960.18,2962.5 1 0
digital.vasic.lava.apigo/internal/gen/client/api.gen.go:2964.4,2964.46 1 0
digital.vasic.lava.apigo/internal/gen/client/api.gen.go:2969.2,2969.17 1 0
digital.vasic.lava.apigo/internal/gen/client/api.gen.go:2973.112,2979.16 4 0
digital.vasic.lava.apigo/internal/gen/client/api.gen.go:2979.16,2981.3 1 0
digital.vasic.lava.apigo/internal/gen/client/api.gen.go:2983.2,2984.16 2 0
digital.vasic.lava.apigo/internal/gen/client/api.gen.go:2984.16,2986.3 1 0
digital.vasic.lava.apigo/internal/gen/client/api.gen.go:2988.2,2989.29 2 0
digital.vasic.lava.apigo/internal/gen/client/api.gen.go:2989.29,2991.3 1 0
digital.vasic.lava.apigo/internal/gen/client/api.gen.go:2993.2,2994.16 2 0
digital.vasic.lava.apigo/internal/gen/client/api.gen.go:2994.16,2996.3 1 0
digital.vasic.lava.apigo/internal/gen/client/api.gen.go:2998.2,2998.19 1 0
digital.vasic.lava.apigo/internal/gen/client/api.gen.go:2998.19,3001.25 2 0
digital.vasic.lava.apigo/internal/gen/client/api.gen.go:3001.25,3003.207 1 0
digital.vasic.lava.apigo/internal/gen/client/api.gen.go:3003.207,3005.5 1 0
digital.vasic.lava.apigo/internal/gen/client/api.gen.go:3005.10,3005.67 1 0
digital.vasic.lava.apigo/internal/gen/client/api.gen.go:3005.67,3007.5 1 0
digital.vasic.lava.apigo/internal/gen/client/api.gen.go:3007.10,3008.30 1 0
digital.vasic.lava.apigo/internal/gen/client/api.gen.go:3008.30,3009.27 1 0
digital.vasic.lava.apigo/internal/gen/client/api.gen.go:3009.27,3011.7 1 0
digital.vasic.lava.apigo/internal/gen/client/api.gen.go:3017.3,3017.43 1 0
digital.vasic.lava.apigo/internal/gen/client/api.gen.go:3020.2,3021.16 2 0
digital.vasic.lava.apigo/internal/gen/client/api.gen.go:3021.16,3023.3 1 0
digital.vasic.lava.apigo/internal/gen/client/api.gen.go:3025.2,3025.19 1 0
digital.vasic.lava.apigo/internal/gen/client/api.gen.go:3025.19,3027.30 1 0
digital.vasic.lava.apigo/internal/gen/client/api.gen.go:3027.30,3031.18 3 0
digital.vasic.lava.apigo/internal/gen/client/api.gen.go:3031.18,3033.5 1 0
digital.vasic.lava.apigo/internal/gen/client/api.gen.go:3035.4,3035.46 1 0
digital.vasic.lava.apigo/internal/gen/client/api.gen.go:3040.2,3040.17 1 0
digital.vasic.lava.apigo/internal/gen/client/api.gen.go:3044.87,3048.16 3 0
digital.vasic.lava.apigo/internal/gen/client/api.gen.go:3048.16,3050.3 1 0
digital.vasic.lava.apigo/internal/gen/client/api.gen.go:3052.2,3053.29 2 0
digital.vasic.lava.apigo/internal/gen/client/api.gen.go:3053.29,3055.3 1 0
digital.vasic.lava.apigo/internal/gen/client/api.gen.go:3057.2,3058.16 2 0
digital.vasic.lava.apigo/internal/gen/client/api.gen.go:3058.16,3060.3 1 0
digital.vasic.lava.apigo/internal/gen/client/api.gen.go:3062.2,3063.16 2 0
digital.vasic.lava.apigo/internal/gen/client/api.gen.go:3063.16,3065.3 1 0
digital.vasic.lava.apigo/internal/gen/client/api.gen.go:3067.2,3067.19 1 0
digital.vasic.lava.apigo/internal/gen/client/api.gen.go:3067.19,3069.30 1 0
digital.vasic.lava.apigo/internal/gen/client/api.gen.go:3069.30,3073.18 3 0
digital.vasic.lava.apigo/internal/gen/client/api.gen.go:3073.18,3075.5 1 0
digital.vasic.lava.apigo/internal/gen/client/api.gen.go:3077.4,3077.46 1 0
digital.vasic.lava.apigo/internal/gen/client/api.gen.go:3082.2,3082.17 1 0
digital.vasic.lava.apigo/internal/gen/client/api.gen.go:3086.115,3089.16 3 0
digital.vasic.lava.apigo/internal/gen/client/api.gen.go:3089.16,3091.3 1 0
digital.vasic.lava.apigo/internal/gen/client/api.gen.go:3092.2,3093.93 2 0
digital.vasic.lava.apigo/internal/gen/client/api.gen.go:3097.108,3101.16 3 0
digital.vasic.lava.apigo/internal/gen/client/api.gen.go:3101.16,3103.3 1 0
digital.vasic.lava.apigo/internal/gen/client/api.gen.go:3105.2,3106.29 2 0
digital.vasic.lava.apigo/internal/gen/client/api.gen.go:3106.29,3108.3 1 0
digital.vasic.lava.apigo/internal/gen/client/api.gen.go:3110.2,3111.16 2 0
digital.vasic.lava.apigo/internal/gen/client/api.gen.go:3111.16,3113.3 1 0
digital.vasic.lava.apigo/internal/gen/client/api.gen.go:3115.2,3116.16 2 0
digital.vasic.lava.apigo/internal/gen/client/api.gen.go:3116.16,3118.3 1 0
digital.vasic.lava.apigo/internal/gen/client/api.gen.go:3120.2,3122.17 2 0
digital.vasic.lava.apigo/internal/gen/client/api.gen.go:3126.89,3130.16 3 0
digital.vasic.lava.apigo/internal/gen/client/api.gen.go:3130.16,3132.3 1 0
digital.vasic.lava.apigo/internal/gen/client/api.gen.go:3134.2,3135.29 2 0
digital.vasic.lava.apigo/internal/gen/client/api.gen.go:3135.29,3137.3 1 0
digital.vasic.lava.apigo/internal/gen/client/api.gen.go:3139.2,3140.16 2 0
digital.vasic.lava.apigo/internal/gen/client/api.gen.go:3140.16,3142.3 1 0
digital.vasic.lava.apigo/internal/gen/client/api.gen.go:3144.2,3144.19 1 0
digital.vasic.lava.apigo/internal/gen/client/api.gen.go:3144.19,3147.26 2 0
digital.vasic.lava.apigo/internal/gen/client/api.gen.go:3147.26,3149.203 1 0
digital.vasic.lava.apigo/internal/gen/client/api.gen.go:3149.203,3151.5 1 0
digital.vasic.lava.apigo/internal/gen/client/api.gen.go:3151.10,3151.67 1 0
digital.vasic.lava.apigo/internal/gen/client/api.gen.go:3151.67,3153.5 1 0
digital.vasic.lava.apigo/internal/gen/client/api.gen.go:3153.10,3154.30 1 0
digital.vasic.lava.apigo/internal/gen/client/api.gen.go:3154.30,3155.27 1 0
digital.vasic.lava.apigo/internal/gen/client/api.gen.go:3155.27,3157.7 1 0
digital.vasic.lava.apigo/internal/gen/client/api.gen.go:3163.3,3163.31 1 0
digital.vasic.lava.apigo/internal/gen/client/api.gen.go:3163.31,3165.213 1 0
digital.vasic.lava.apigo/internal/gen/client/api.gen.go:3165.213,3167.5 1 0
digital.vasic.lava.apigo/internal/gen/client/api.gen.go:3167.10,3167.67 1 0
digital.vasic.lava.apigo/internal/gen/client/api.gen.go:3167.67,3169.5 1 0
digital.vasic.lava.apigo/internal/gen/client/api.gen.go:3169.10,3170.30 1 0
digital.vasic.lava.apigo/internal/gen/client/api.gen.go:3170.30,3171.27 1 0
digital.vasic.lava.apigo/internal/gen/client/api.gen.go:3171.27,3173.7 1 0
digital.vasic.lava.apigo/internal/gen/client/api.gen.go:3179.3,3179.27 1 0
digital.vasic.lava.apigo/internal/gen/client/api.gen.go:3179.27,3181.205 1 0
digital.vasic.lava.apigo/internal/gen/client/api.gen.go:3181.205,3183.5 1 0
digital.vasic.lava.apigo/internal/gen/client/api.gen.go:3183.10,3183.67 1 0
digital.vasic.lava.apigo/internal/gen/client/api.gen.go:3183.67,3185.5 1 0
digital.vasic.lava.apigo/internal/gen/client/api.gen.go:3185.10,3186.30 1 0
digital.vasic.lava.apigo/internal/gen/client/api.gen.go:3186.30,3187.27 1 0
digital.vasic.lava.apigo/internal/gen/client/api.gen.go:3187.27,3189.7 1 0
digital.vasic.lava.apigo/internal/gen/client/api.gen.go:3195.3,3195.29 1 0
digital.vasic.lava.apigo/internal/gen/client/api.gen.go:3195.29,3197.209 1 0
digital.vasic.lava.apigo/internal/gen/client/api.gen.go:3197.209,3199.5 1 0
digital.vasic.lava.apigo/internal/gen/client/api.gen.go:3199.10,3199.67 1 0
digital.vasic.lava.apigo/internal/gen/client/api.gen.go:3199.67,3201.5 1 0
digital.vasic.lava.apigo/internal/gen/client/api.gen.go:3201.10,3202.30 1 0
digital.vasic.lava.apigo/internal/gen/client/api.gen.go:3202.30,3203.27 1 0
digital.vasic.lava.apigo/internal/gen/client/api.gen.go:3203.27,3205.7 1 0
digital.vasic.lava.apigo/internal/gen/client/api.gen.go:3211.3,3211.25 1 0
digital.vasic.lava.apigo/internal/gen/client/api.gen.go:3211.25,3213.201 1 0
digital.vasic.lava.apigo/internal/gen/client/api.gen.go:3213.201,3215.5 1 0
digital.vasic.lava.apigo/internal/gen/client/api.gen.go:3215.10,3215.67 1 0
digital.vasic.lava.apigo/internal/gen/client/api.gen.go:3215.67,3217.5 1 0
digital.vasic.lava.apigo/internal/gen/client/api.gen.go:3217.10,3218.30 1 0
digital.vasic.lava.apigo/internal/gen/client/api.gen.go:3218.30,3219.27 1 0
digital.vasic.lava.apigo/internal/gen/client/api.gen.go:3219.27,3221.7 1 0
digital.vasic.lava.apigo/internal/gen/client/api.gen.go:3227.3,3227.26 1 0
digital.vasic.lava.apigo/internal/gen/client/api.gen.go:3227.26,3229.203 1 0
digital.vasic.lava.apigo/internal/gen/client/api.gen.go:3229.203,3231.5 1 0
digital.vasic.lava.apigo/internal/gen/client/api.gen.go:3231.10,3231.67 1 0
digital.vasic.lava.apigo/internal/gen/client/api.gen.go:3231.67,3233.5 1 0
digital.vasic.lava.apigo/internal/gen/client/api.gen.go:3233.10,3234.30 1 0
digital.vasic.lava.apigo/internal/gen/client/api.gen.go:3234.30,3235.27 1 0
digital.vasic.lava.apigo/internal/gen/client/api.gen.go:3235.27,3237.7 1 0
digital.vasic.lava.apigo/internal/gen/client/api.gen.go:3243.3,3243.27 1 0
digital.vasic.lava.apigo/internal/gen/client/api.gen.go:3243.27,3245.205 1 0
digital.vasic.lava.apigo/internal/gen/client/api.gen.go:3245.205,3247.5 1 0
digital.vasic.lava.apigo/internal/gen/client/api.gen.go:3247.10,3247.67 1 0
digital.vasic.lava.apigo/internal/gen/client/api.gen.go:3247.67,3249.5 1 0
digital.vasic.lava.apigo/internal/gen/client/api.gen.go:3249.10,3250.30 1 0
digital.vasic.lava.apigo/internal/gen/client/api.gen.go:3250.30,3251.27 1 0
digital.vasic.lava.apigo/internal/gen/client/api.gen.go:3251.27,3253.7 1 0
digital.vasic.lava.apigo/internal/gen/client/api.gen.go:3259.3,3259.25 1 0
digital.vasic.lava.apigo/internal/gen/client/api.gen.go:3259.25,3261.207 1 0
digital.vasic.lava.apigo/internal/gen/client/api.gen.go:3261.207,3263.5 1 0
digital.vasic.lava.apigo/internal/gen/client/api.gen.go:3263.10,3263.67 1 0
digital.vasic.lava.apigo/internal/gen/client/api.gen.go:3263.67,3265.5 1 0
digital.vasic.lava.apigo/internal/gen/client/api.gen.go:3265.10,3266.30 1 0
digital.vasic.lava.apigo/internal/gen/client/api.gen.go:3266.30,3267.27 1 0
digital.vasic.lava.apigo/internal/gen/client/api.gen.go:3267.27,3269.7 1 0
digital.vasic.lava.apigo/internal/gen/client/api.gen.go:3275.3,3275.43 1 0
digital.vasic.lava.apigo/internal/gen/client/api.gen.go:3278.2,3279.16 2 0
digital.vasic.lava.apigo/internal/gen/client/api.gen.go:3279.16,3281.3 1 0
digital.vasic.lava.apigo/internal/gen/client/api.gen.go:3283.2,3283.19 1 0
digital.vasic.lava.apigo/internal/gen/client/api.gen.go:3283.19,3285.30 1 0
digital.vasic.lava.apigo/internal/gen/client/api.gen.go:3285.30,3289.18 3 0
digital.vasic.lava.apigo/internal/gen/client/api.gen.go:3289.18,3291.5 1 0
digital.vasic.lava.apigo/internal/gen/client/api.gen.go:3293.4,3293.46 1 0
digital.vasic.lava.apigo/internal/gen/client/api.gen.go:3298.2,3298.17 1 0
digital.vasic.lava.apigo/internal/gen/client/api.gen.go:3302.98,3308.16 4 0
digital.vasic.lava.apigo/internal/gen/client/api.gen.go:3308.16,3310.3 1 0
digital.vasic.lava.apigo/internal/gen/client/api.gen.go:3312.2,3313.16 2 0
digital.vasic.lava.apigo/internal/gen/client/api.gen.go:3313.16,3315.3 1 0
digital.vasic.lava.apigo/internal/gen/client/api.gen.go:3317.2,3318.29 2 0
digital.vasic.lava.apigo/internal/gen/client/api.gen.go:3318.29,3320.3 1 0
digital.vasic.lava.apigo/internal/gen/client/api.gen.go:3322.2,3323.16 2 0
digital.vasic.lava.apigo/internal/gen/client/api.gen.go:3323.16,3325.3 1 0
digital.vasic.lava.apigo/internal/gen/client/api.gen.go:3327.2,3327.19 1 0
digital.vasic.lava.apigo/internal/gen/client/api.gen.go:3327.19,3330.25 2 0
digital.vasic.lava.apigo/internal/gen/client/api.gen.go:3330.25,3332.207 1 0
digital.vasic.lava.apigo/internal/gen/client/api.gen.go:3332.207,3334.5 1 0
digital.vasic.lava.apigo/internal/gen/client/api.gen.go:3334.10,3334.67 1 0
digital.vasic.lava.apigo/internal/gen/client/api.gen.go:3334.67,3336.5 1 0
digital.vasic.lava.apigo/internal/gen/client/api.gen.go:3336.10,3337.30 1 0
digital.vasic.lava.apigo/internal/gen/client/api.gen.go:3337.30,3338.27 1 0
digital.vasic.lava.apigo/internal/gen/client/api.gen.go:3338.27,3340.7 1 0
digital.vasic.lava.apigo/internal/gen/client/api.gen.go:3346.3,3346.43 1 0
digital.vasic.lava.apigo/internal/gen/client/api.gen.go:3349.2,3350.16 2 0
digital.vasic.lava.apigo/internal/gen/client/api.gen.go:3350.16,3352.3 1 0
digital.vasic.lava.apigo/internal/gen/client/api.gen.go:3354.2,3354.19 1 0
digital.vasic.lava.apigo/internal/gen/client/api.gen.go:3354.19,3356.30 1 0
digital.vasic.lava.apigo/internal/gen/client/api.gen.go:3356.30,3360.18 3 0
digital.vasic.lava.apigo/internal/gen/client/api.gen.go:3360.18,3362.5 1 0
digital.vasic.lava.apigo/internal/gen/client/api.gen.go:3364.4,3364.46 1 0
digital.vasic.lava.apigo/internal/gen/client/api.gen.go:3369.2,3369.17 1 0
digital.vasic.lava.apigo/internal/gen/client/api.gen.go:3373.106,3379.16 4 0
digital.vasic.lava.apigo/internal/gen/client/api.gen.go:3379.16,3381.3 1 0
digital.vasic.lava.apigo/internal/gen/client/api.gen.go:3383.2,3384.16 2 0
digital.vasic.lava.apigo/internal/gen/client/api.gen.go:3384.16,3386.3 1 0
digital.vasic.lava.apigo/internal/gen/client/api.gen.go:3388.2,3389.29 2 0
digital.vasic.lava.apigo/internal/gen/client/api.gen.go:3389.29,3391.3 1 0
digital.vasic.lava.apigo/internal/gen/client/api.gen.go:3393.2,3394.16 2 0
digital.vasic.lava.apigo/internal/gen/client/api.gen.go:3394.16,3396.3 1 0
digital.vasic.lava.apigo/internal/gen/client/api.gen.go:3398.2,3398.19 1 0
digital.vasic.lava.apigo/internal/gen/client/api.gen.go:3398.19,3401.25 2 0
digital.vasic.lava.apigo/internal/gen/client/api.gen.go:3401.25,3403.207 1 0
digital.vasic.lava.apigo/internal/gen/client/api.gen.go:3403.207,3405.5 1 0
digital.vasic.lava.apigo/internal/gen/client/api.gen.go:3405.10,3405.67 1 0
digital.vasic.lava.apigo/internal/gen/client/api.gen.go:3405.67,3407.5 1 0
digital.vasic.lava.apigo/internal/gen/client/api.gen.go:3407.10,3408.30 1 0
digital.vasic.lava.apigo/internal/gen/client/api.gen.go:3408.30,3409.27 1 0
digital.vasic.lava.apigo/internal/gen/client/api.gen.go:3409.27,3411.7 1 0
digital.vasic.lava.apigo/internal/gen/client/api.gen.go:3417.3,3417.43 1 0
digital.vasic.lava.apigo/internal/gen/client/api.gen.go:3420.2,3421.16 2 0
digital.vasic.lava.apigo/internal/gen/client/api.gen.go:3421.16,3423.3 1 0
digital.vasic.lava.apigo/internal/gen/client/api.gen.go:3425.2,3425.19 1 0
digital.vasic.lava.apigo/internal/gen/client/api.gen.go:3425.19,3427.30 1 0
digital.vasic.lava.apigo/internal/gen/client/api.gen.go:3427.30,3431.18 3 0
digital.vasic.lava.apigo/internal/gen/client/api.gen.go:3431.18,3433.5 1 0
digital.vasic.lava.apigo/internal/gen/client/api.gen.go:3435.4,3435.46 1 0
digital.vasic.lava.apigo/internal/gen/client/api.gen.go:3440.2,3440.17 1 0
digital.vasic.lava.apigo/internal/gen/client/api.gen.go:3444.102,3450.16 4 0
digital.vasic.lava.apigo/internal/gen/client/api.gen.go:3450.16,3452.3 1 0
digital.vasic.lava.apigo/internal/gen/client/api.gen.go:3454.2,3455.16 2 0
digital.vasic.lava.apigo/internal/gen/client/api.gen.go:3455.16,3457.3 1 0
digital.vasic.lava.apigo/internal/gen/client/api.gen.go:3459.2,3460.29 2 0
digital.vasic.lava.apigo/internal/gen/client/api.gen.go:3460.29,3462.3 1 0
digital.vasic.lava.apigo/internal/gen/client/api.gen.go:3464.2,3465.16 2 0
digital.vasic.lava.apigo/internal/gen/client/api.gen.go:3465.16,3467.3 1 0
digital.vasic.lava.apigo/internal/gen/client/api.gen.go:3469.2,3470.16 2 0
digital.vasic.lava.apigo/internal/gen/client/api.gen.go:3470.16,3472.3 1 0
digital.vasic.lava.apigo/internal/gen/client/api.gen.go:3474.2,3474.19 1 0
digital.vasic.lava.apigo/internal/gen/client/api.gen.go:3474.19,3476.30 1 0
digital.vasic.lava.apigo/internal/gen/client/api.gen.go:3476.30,3480.18 3 0
digital.vasic.lava.apigo/internal/gen/client/api.gen.go:3480.18,3482.5 1 0
digital.vasic.lava.apigo/internal/gen/client/api.gen.go:3484.4,3484.46 1 0
digital.vasic.lava.apigo/internal/gen/client/api.gen.go:3489.2,3489.17 1 0
digital.vasic.lava.apigo/internal/gen/client/api.gen.go:3492.114,3493.37 1 0
digital.vasic.lava.apigo/internal/gen/client/api.gen.go:3493.37,3494.37 1 0
digital.vasic.lava.apigo/internal/gen/client/api.gen.go:3494.37,3496.4 1 0
digital.vasic.lava.apigo/internal/gen/client/api.gen.go:3498.2,3498.38 1 0
digital.vasic.lava.apigo/internal/gen/client/api.gen.go:3498.38,3499.37 1 0
digital.vasic.lava.apigo/internal/gen/client/api.gen.go:3499.37,3501.4 1 0
digital.vasic.lava.apigo/internal/gen/client/api.gen.go:3503.2,3503.12 1 0
digital.vasic.lava.apigo/internal/gen/client/api.gen.go:3513.96,3515.16 2 0
digital.vasic.lava.apigo/internal/gen/client/api.gen.go:3515.16,3517.3 1 0
digital.vasic.lava.apigo/internal/gen/client/api.gen.go:3518.2,3518.42 1 0
digital.vasic.lava.apigo/internal/gen/client/api.gen.go:3522.47,3523.31 1 0
digital.vasic.lava.apigo/internal/gen/client/api.gen.go:3523.31,3525.17 2 0
digital.vasic.lava.apigo/internal/gen/client/api.gen.go:3525.17,3527.4 1 0
digital.vasic.lava.apigo/internal/gen/client/api.gen.go:3528.3,3529.13 2 0
digital.vasic.lava.apigo/internal/gen/client/api.gen.go:3596.42,3597.27 1 0
digital.vasic.lava.apigo/internal/gen/client/api.gen.go:3597.27,3599.3 1 0
digital.vasic.lava.apigo/internal/gen/client/api.gen.go:3600.2,3600.27 1 0
digital.vasic.lava.apigo/internal/gen/client/api.gen.go:3604.43,3605.27 1 0
digital.vasic.lava.apigo/internal/gen/client/api.gen.go:3605.27,3607.3 1 0
digital.vasic.lava.apigo/internal/gen/client/api.gen.go:3608.2,3608.10 1 0
digital.vasic.lava.apigo/internal/gen/client/api.gen.go:3618.45,3619.27 1 0
digital.vasic.lava.apigo/internal/gen/client/api.gen.go:3619.27,3621.3 1 0
digital.vasic.lava.apigo/internal/gen/client/api.gen.go:3622.2,3622.27 1 0
digital.vasic.lava.apigo/internal/gen/client/api.gen.go:3626.46,3627.27 1 0
digital.vasic.lava.apigo/internal/gen/client/api.gen.go:3627.27,3629.3 1 0
digital.vasic.lava.apigo/internal/gen/client/api.gen.go:3630.2,3630.10 1 0
digital.vasic.lava.apigo/internal/gen/client/api.gen.go:3641.50,3642.27 1 0
digital.vasic.lava.apigo/internal/gen/client/api.gen.go:3642.27,3644.3 1 0
digital.vasic.lava.apigo/internal/gen/client/api.gen.go:3645.2,3645.27 1 0
digital.vasic.lava.apigo/internal/gen/client/api.gen.go:3649.51,3650.27 1 0
digital.vasic.lava.apigo/internal/gen/client/api.gen.go:3650.27,3652.3 1 0
digital.vasic.lava.apigo/internal/gen/client/api.gen.go:3653.2,3653.10 1 0
digital.vasic.lava.apigo/internal/gen/client/api.gen.go:3663.46,3664.27 1 0
digital.vasic.lava.apigo/internal/gen/client/api.gen.go:3664.27,3666.3 1 0
digital.vasic.lava.apigo/internal/gen/client/api.gen.go:3667.2,3667.27 1 0
digital.vasic.lava.apigo/internal/gen/client/api.gen.go:3671.47,3672.27 1 0
digital.vasic.lava.apigo/internal/gen/client/api.gen.go:3672.27,3674.3 1 0
digital.vasic.lava.apigo/internal/gen/client/api.gen.go:3675.2,3675.10 1 0
digital.vasic.lava.apigo/internal/gen/client/api.gen.go:3685.46,3686.27 1 0
digital.vasic.lava.apigo/internal/gen/client/api.gen.go:3686.27,3688.3 1 0
digital.vasic.lava.apigo/internal/gen/client/api.gen.go:3689.2,3689.27 1 0
digital.vasic.lava.apigo/internal/gen/client/api.gen.go:3693.47,3694.27 1 0
digital.vasic.lava.apigo/internal/gen/client/api.gen.go:3694.27,3696.3 1 0
digital.vasic.lava.apigo/internal/gen/client/api.gen.go:3697.2,3697.10 1 0
digital.vasic.lava.apigo/internal/gen/client/api.gen.go:3707.47,3708.27 1 0
digital.vasic.lava.apigo/internal/gen/client/api.gen.go:3708.27,3710.3 1 0
digital.vasic.lava.apigo/internal/gen/client/api.gen.go:3711.2,3711.27 1 0
digital.vasic.lava.apigo/internal/gen/client/api.gen.go:3715.48,3716.27 1 0
digital.vasic.lava.apigo/internal/gen/client/api.gen.go:3716.27,3718.3 1 0
digital.vasic.lava.apigo/internal/gen/client/api.gen.go:3719.2,3719.10 1 0
digital.vasic.lava.apigo/internal/gen/client/api.gen.go:3729.51,3730.27 1 0
digital.vasic.lava.apigo/internal/gen/client/api.gen.go:3730.27,3732.3 1 0
digital.vasic.lava.apigo/internal/gen/client/api.gen.go:3733.2,3733.27 1 0
digital.vasic.lava.apigo/internal/gen/client/api.gen.go:3737.52,3738.27 1 0
digital.vasic.lava.apigo/internal/gen/client/api.gen.go:3738.27,3740.3 1 0
digital.vasic.lava.apigo/internal/gen/client/api.gen.go:3741.2,3741.10 1 0
digital.vasic.lava.apigo/internal/gen/client/api.gen.go:3751.54,3752.27 1 0
digital.vasic.lava.apigo/internal/gen/client/api.gen.go:3752.27,3754.3 1 0
digital.vasic.lava.apigo/internal/gen/client/api.gen.go:3755.2,3755.27 1 0
digital.vasic.lava.apigo/internal/gen/client/api.gen.go:3759.55,3760.27 1 0
digital.vasic.lava.apigo/internal/gen/client/api.gen.go:3760.27,3762.3 1 0
digital.vasic.lava.apigo/internal/gen/client/api.gen.go:3763.2,3763.10 1 0
digital.vasic.lava.apigo/internal/gen/client/api.gen.go:3774.43,3775.27 1 0
digital.vasic.lava.apigo/internal/gen/client/api.gen.go:3775.27,3777.3 1 0
digital.vasic.lava.apigo/internal/gen/client/api.gen.go:3778.2,3778.27 1 0
digital.vasic.lava.apigo/internal/gen/client/api.gen.go:3782.44,3783.27 1 0
digital.vasic.lava.apigo/internal/gen/client/api.gen.go:3783.27,3785.3 1 0
digital.vasic.lava.apigo/internal/gen/client/api.gen.go:3786.2,3786.10 1 0
digital.vasic.lava.apigo/internal/gen/client/api.gen.go:3797.50,3798.27 1 0
digital.vasic.lava.apigo/internal/gen/client/api.gen.go:3798.27,3800.3 1 0
digital.vasic.lava.apigo/internal/gen/client/api.gen.go:3801.2,3801.27 1 0
digital.vasic.lava.apigo/internal/gen/client/api.gen.go:3805.51,3806.27 1 0
digital.vasic.lava.apigo/internal/gen/client/api.gen.go:3806.27,3808.3 1 0
digital.vasic.lava.apigo/internal/gen/client/api.gen.go:3809.2,3809.10 1 0
digital.vasic.lava.apigo/internal/gen/client/api.gen.go:3820.43,3821.27 1 0
digital.vasic.lava.apigo/internal/gen/client/api.gen.go:3821.27,3823.3 1 0
digital.vasic.lava.apigo/internal/gen/client/api.gen.go:3824.2,3824.27 1 0
digital.vasic.lava.apigo/internal/gen/client/api.gen.go:3828.44,3829.27 1 0
digital.vasic.lava.apigo/internal/gen/client/api.gen.go:3829.27,3831.3 1 0
digital.vasic.lava.apigo/internal/gen/client/api.gen.go:3832.2,3832.10 1 0
digital.vasic.lava.apigo/internal/gen/client/api.gen.go:3843.44,3844.27 1 0
digital.vasic.lava.apigo/internal/gen/client/api.gen.go:3844.27,3846.3 1 0
digital.vasic.lava.apigo/internal/gen/client/api.gen.go:3847.2,3847.27 1 0
digital.vasic.lava.apigo/internal/gen/client/api.gen.go:3851.45,3852.27 1 0
digital.vasic.lava.apigo/internal/gen/client/api.gen.go:3852.27,3854.3 1 0
digital.vasic.lava.apigo/internal/gen/client/api.gen.go:3855.2,3855.10 1 0
digital.vasic.lava.apigo/internal/gen/client/api.gen.go:3866.44,3867.27 1 0
digital.vasic.lava.apigo/internal/gen/client/api.gen.go:3867.27,3869.3 1 0
digital.vasic.lava.apigo/internal/gen/client/api.gen.go:3870.2,3870.27 1 0
digital.vasic.lava.apigo/internal/gen/client/api.gen.go:3874.45,3875.27 1 0
digital.vasic.lava.apigo/internal/gen/client/api.gen.go:3875.27,3877.3 1 0
digital.vasic.lava.apigo/internal/gen/client/api.gen.go:3878.2,3878.10 1 0
digital.vasic.lava.apigo/internal/gen/client/api.gen.go:3889.43,3890.27 1 0
digital.vasic.lava.apigo/internal/gen/client/api.gen.go:3890.27,3892.3 1 0
digital.vasic.lava.apigo/internal/gen/client/api.gen.go:3893.2,3893.27 1 0
digital.vasic.lava.apigo/internal/gen/client/api.gen.go:3897.44,3898.27 1 0
digital.vasic.lava.apigo/internal/gen/client/api.gen.go:3898.27,3900.3 1 0
digital.vasic.lava.apigo/internal/gen/client/api.gen.go:3901.2,3901.10 1 0
digital.vasic.lava.apigo/internal/gen/client/api.gen.go:3912.47,3913.27 1 0
digital.vasic.lava.apigo/internal/gen/client/api.gen.go:3913.27,3915.3 1 0
digital.vasic.lava.apigo/internal/gen/client/api.gen.go:3916.2,3916.27 1 0
digital.vasic.lava.apigo/internal/gen/client/api.gen.go:3920.48,3921.27 1 0
digital.vasic.lava.apigo/internal/gen/client/api.gen.go:3921.27,3923.3 1 0
digital.vasic.lava.apigo/internal/gen/client/api.gen.go:3924.2,3924.10 1 0
digital.vasic.lava.apigo/internal/gen/client/api.gen.go:3935.45,3936.27 1 0
digital.vasic.lava.apigo/internal/gen/client/api.gen.go:3936.27,3938.3 1 0
digital.vasic.lava.apigo/internal/gen/client/api.gen.go:3939.2,3939.27 1 0
digital.vasic.lava.apigo/internal/gen/client/api.gen.go:3943.46,3944.27 1 0
digital.vasic.lava.apigo/internal/gen/client/api.gen.go:3944.27,3946.3 1 0
digital.vasic.lava.apigo/internal/gen/client/api.gen.go:3947.2,3947.10 1 0
digital.vasic.lava.apigo/internal/gen/client/api.gen.go:3951.152,3953.16 2 0
digital.vasic.lava.apigo/internal/gen/client/api.gen.go:3953.16,3955.3 1 0
digital.vasic.lava.apigo/internal/gen/client/api.gen.go:3956.2,3956.34 1 0
digital.vasic.lava.apigo/internal/gen/client/api.gen.go:3960.148,3962.16 2 0
digital.vasic.lava.apigo/internal/gen/client/api.gen.go:3962.16,3964.3 1 0
digital.vasic.lava.apigo/internal/gen/client/api.gen.go:3965.2,3965.37 1 0
digital.vasic.lava.apigo/internal/gen/client/api.gen.go:3969.187,3971.16 2 0
digital.vasic.lava.apigo/internal/gen/client/api.gen.go:3971.16,3973.3 1 0
digital.vasic.lava.apigo/internal/gen/client/api.gen.go:3974.2,3974.42 1 0
digital.vasic.lava.apigo/internal/gen/client/api.gen.go:3978.219,3980.16 2 0
digital.vasic.lava.apigo/internal/gen/client/api.gen.go:3980.16,3982.3 1 0
digital.vasic.lava.apigo/internal/gen/client/api.gen.go:3983.2,3983.38 1 0
digital.vasic.lava.apigo/internal/gen/client/api.gen.go:3986.220,3988.16 2 0
digital.vasic.lava.apigo/internal/gen/client/api.gen.go:3988.16,3990.3 1 0
digital.vasic.lava.apigo/internal/gen/client/api.gen.go:3991.2,3991.38 1 0
digital.vasic.lava.apigo/internal/gen/client/api.gen.go:3995.175,3997.16 2 0
digital.vasic.lava.apigo/internal/gen/client/api.gen.go:3997.16,3999.3 1 0
digital.vasic.lava.apigo/internal/gen/client/api.gen.go:4000.2,4000.38 1 0
digital.vasic.lava.apigo/internal/gen/client/api.gen.go:4004.167,4006.16 2 0
digital.vasic.lava.apigo/internal/gen/client/api.gen.go:4006.16,4008.3 1 0
digital.vasic.lava.apigo/internal/gen/client/api.gen.go:4009.2,4009.39 1 0
digital.vasic.lava.apigo/internal/gen/client/api.gen.go:4013.190,4015.16 2 0
digital.vasic.lava.apigo/internal/gen/client/api.gen.go:4015.16,4017.3 1 0
digital.vasic.lava.apigo/internal/gen/client/api.gen.go:4018.2,4018.43 1 0
digital.vasic.lava.apigo/internal/gen/client/api.gen.go:4022.199,4024.16 2 0
digital.vasic.lava.apigo/internal/gen/client/api.gen.go:4024.16,4026.3 1 0
digital.vasic.lava.apigo/internal/gen/client/api.gen.go:4027.2,4027.46 1 0
digital.vasic.lava.apigo/internal/gen/client/api.gen.go:4031.155,4033.16 2 0
digital.vasic.lava.apigo/internal/gen/client/api.gen.go:4033.16,4035.3 1 0
digital.vasic.lava.apigo/internal/gen/client/api.gen.go:4036.2,4036.35 1 0
digital.vasic.lava.apigo/internal/gen/client/api.gen.go:4040.187,4042.16 2 0
digital.vasic.lava.apigo/internal/gen/client/api.gen.go:4042.16,4044.3 1 0
digital.vasic.lava.apigo/internal/gen/client/api.gen.go:4045.2,4045.42 1 0
digital.vasic.lava.apigo/internal/gen/client/api.gen.go:4049.155,4051.16 2 0
digital.vasic.lava.apigo/internal/gen/client/api.gen.go:4051.16,4053.3 1 0
digital.vasic.lava.apigo/internal/gen/client/api.gen.go:4054.2,4054.35 1 0
digital.vasic.lava.apigo/internal/gen/client/api.gen.go:4058.177,4060.16 2 0
digital.vasic.lava.apigo/internal/gen/client/api.gen.go:4060.16,4062.3 1 0
digital.vasic.lava.apigo/internal/gen/client/api.gen.go:4063.2,4063.36 1 0
digital.vasic.lava.apigo/internal/gen/client/api.gen.go:4066.184,4068.16 2 0
digital.vasic.lava.apigo/internal/gen/client/api.gen.go:4068.16,4070.3 1 0
digital.vasic.lava.apigo/internal/gen/client/api.gen.go:4071.2,4071.36 1 0
digital.vasic.lava.apigo/internal/gen/client/api.gen.go:4075.158,4077.16 2 0
digital.vasic.lava.apigo/internal/gen/client/api.gen.go:4077.16,4079.3 1 0
digital.vasic.lava.apigo/internal/gen/client/api.gen.go:4080.2,4080.36 1 0
digital.vasic.lava.apigo/internal/gen/client/api.gen.go:4084.166,4086.16 2 0
digital.vasic.lava.apigo/internal/gen/client/api.gen.go:4086.16,4088.3 1 0
digital.vasic.lava.apigo/internal/gen/client/api.gen.go:4089.2,4089.35 1 0
digital.vasic.lava.apigo/internal/gen/client/api.gen.go:4093.178,4095.16 2 0
digital.vasic.lava.apigo/internal/gen/client/api.gen.go:4095.16,4097.3 1 0
digital.vasic.lava.apigo/internal/gen/client/api.gen.go:4098.2,4098.39 1 0
digital.vasic.lava.apigo/internal/gen/client/api.gen.go:4102.172,4104.16 2 0
digital.vasic.lava.apigo/internal/gen/client/api.gen.go:4104.16,4106.3 1 0
digital.vasic.lava.apigo/internal/gen/client/api.gen.go:4107.2,4107.37 1 0
digital.vasic.lava.apigo/internal/gen/client/api.gen.go:4111.73,4113.15 2 0
digital.vasic.lava.apigo/internal/gen/client/api.gen.go:4113.15,4113.39 1 0
digital.vasic.lava.apigo/internal/gen/client/api.gen.go:4114.2,4114.16 1 0
digital.vasic.lava.apigo/internal/gen/client/api.gen.go:4114.16,4116.3 1 0
digital.vasic.lava.apigo/internal/gen/client/api.gen.go:4118.2,4123.9 2 0
digital.vasic.lava.apigo/internal/gen/client/api.gen.go:4124.89,4126.58 2 0
digital.vasic.lava.apigo/internal/gen/client/api.gen.go:4126.58,4128.4 1 0
digital.vasic.lava.apigo/internal/gen/client/api.gen.go:4129.3,4129.27 1 0
digital.vasic.lava.apigo/internal/gen/client/api.gen.go:4131.89,4133.58 2 0
digital.vasic.lava.apigo/internal/gen/client/api.gen.go:4133.58,4135.4 1 0
digital.vasic.lava.apigo/internal/gen/client/api.gen.go:4136.3,4136.27 1 0
digital.vasic.lava.apigo/internal/gen/client/api.gen.go:4140.2,4140.22 1 0
digital.vasic.lava.apigo/internal/gen/client/api.gen.go:4144.79,4146.15 2 0
digital.vasic.lava.apigo/internal/gen/client/api.gen.go:4146.15,4146.39 1 0
digital.vasic.lava.apigo/internal/gen/client/api.gen.go:4147.2,4147.16 1 0
digital.vasic.lava.apigo/internal/gen/client/api.gen.go:4147.16,4149.3 1 0
digital.vasic.lava.apigo/internal/gen/client/api.gen.go:4151.2,4156.9 2 0
digital.vasic.lava.apigo/internal/gen/client/api.gen.go:4157.89,4159.58 2 0
digital.vasic.lava.apigo/internal/gen/client/api.gen.go:4159.58,4161.4 1 0
digital.vasic.lava.apigo/internal/gen/client/api.gen.go:4162.3,4162.27 1 0
digital.vasic.lava.apigo/internal/gen/client/api.gen.go:4166.2,4166.22 1 0
digital.vasic.lava.apigo/internal/gen/client/api.gen.go:4170.89,4172.15 2 0
digital.vasic.lava.apigo/internal/gen/client/api.gen.go:4172.15,4172.39 1 0
digital.vasic.lava.apigo/internal/gen/client/api.gen.go:4173.2,4173.16 1 0
digital.vasic.lava.apigo/internal/gen/client/api.gen.go:4173.16,4175.3 1 0
digital.vasic.lava.apigo/internal/gen/client/api.gen.go:4177.2,4182.9 2 0
digital.vasic.lava.apigo/internal/gen/client/api.gen.go:4183.89,4185.58 2 0
digital.vasic.lava.apigo/internal/gen/client/api.gen.go:4185.58,4187.4 1 0
digital.vasic.lava.apigo/internal/gen/client/api.gen.go:4188.3,4188.27 1 0
digital.vasic.lava.apigo/internal/gen/client/api.gen.go:4190.89,4192.58 2 0
digital.vasic.lava.apigo/internal/gen/client/api.gen.go:4192.58,4194.4 1 0
digital.vasic.lava.apigo/internal/gen/client/api.gen.go:4195.3,4195.27 1 0
digital.vasic.lava.apigo/internal/gen/client/api.gen.go:4199.2,4199.22 1 0
digital.vasic.lava.apigo/internal/gen/client/api.gen.go:4203.81,4205.15 2 0
digital.vasic.lava.apigo/internal/gen/client/api.gen.go:4205.15,4205.39 1 0
digital.vasic.lava.apigo/internal/gen/client/api.gen.go:4206.2,4206.16 1 0
digital.vasic.lava.apigo/internal/gen/client/api.gen.go:4206.16,4208.3 1 0
digital.vasic.lava.apigo/internal/gen/client/api.gen.go:4210.2,4215.9 2 0
digital.vasic.lava.apigo/internal/gen/client/api.gen.go:4216.89,4218.58 2 0
digital.vasic.lava.apigo/internal/gen/client/api.gen.go:4218.58,4220.4 1 0
digital.vasic.lava.apigo/internal/gen/client/api.gen.go:4221.3,4221.27 1 0
digital.vasic.lava.apigo/internal/gen/client/api.gen.go:4225.2,4225.22 1 0
digital.vasic.lava.apigo/internal/gen/client/api.gen.go:4229.81,4231.15 2 0
digital.vasic.lava.apigo/internal/gen/client/api.gen.go:4231.15,4231.39 1 0
digital.vasic.lava.apigo/internal/gen/client/api.gen.go:4232.2,4232.16 1 0
digital.vasic.lava.apigo/internal/gen/client/api.gen.go:4232.16,4234.3 1 0
digital.vasic.lava.apigo/internal/gen/client/api.gen.go:4236.2,4241.9 2 0
digital.vasic.lava.apigo/internal/gen/client/api.gen.go:4242.89,4244.58 2 0
digital.vasic.lava.apigo/internal/gen/client/api.gen.go:4244.58,4246.4 1 0
digital.vasic.lava.apigo/internal/gen/client/api.gen.go:4247.3,4247.27 1 0
digital.vasic.lava.apigo/internal/gen/client/api.gen.go:4251.2,4251.22 1 0
digital.vasic.lava.apigo/internal/gen/client/api.gen.go:4255.83,4257.15 2 0
digital.vasic.lava.apigo/internal/gen/client/api.gen.go:4257.15,4257.39 1 0
digital.vasic.lava.apigo/internal/gen/client/api.gen.go:4258.2,4258.16 1 0
digital.vasic.lava.apigo/internal/gen/client/api.gen.go:4258.16,4260.3 1 0
digital.vasic.lava.apigo/internal/gen/client/api.gen.go:4262.2,4267.9 2 0
digital.vasic.lava.apigo/internal/gen/client/api.gen.go:4268.89,4270.58 2 0
digital.vasic.lava.apigo/internal/gen/client/api.gen.go:4270.58,4272.4 1 0
digital.vasic.lava.apigo/internal/gen/client/api.gen.go:4273.3,4273.27 1 0
digital.vasic.lava.apigo/internal/gen/client/api.gen.go:4277.2,4277.22 1 0
digital.vasic.lava.apigo/internal/gen/client/api.gen.go:4281.91,4283.15 2 0
digital.vasic.lava.apigo/internal/gen/client/api.gen.go:4283.15,4283.39 1 0
digital.vasic.lava.apigo/internal/gen/client/api.gen.go:4284.2,4284.16 1 0
digital.vasic.lava.apigo/internal/gen/client/api.gen.go:4284.16,4286.3 1 0
digital.vasic.lava.apigo/internal/gen/client/api.gen.go:4288.2,4293.9 2 0
digital.vasic.lava.apigo/internal/gen/client/api.gen.go:4294.89,4296.58 2 0
digital.vasic.lava.apigo/internal/gen/client/api.gen.go:4296.58,4298.4 1 0
digital.vasic.lava.apigo/internal/gen/client/api.gen.go:4299.3,4299.27 1 0
digital.vasic.lava.apigo/internal/gen/client/api.gen.go:4303.2,4303.22 1 0
digital.vasic.lava.apigo/internal/gen/client/api.gen.go:4307.97,4309.15 2 0
digital.vasic.lava.apigo/internal/gen/client/api.gen.go:4309.15,4309.39 1 0
digital.vasic.lava.apigo/internal/gen/client/api.gen.go:4310.2,4310.16 1 0
digital.vasic.lava.apigo/internal/gen/client/api.gen.go:4310.16,4312.3 1 0
digital.vasic.lava.apigo/internal/gen/client/api.gen.go:4314.2,4319.9 2 0
digital.vasic.lava.apigo/internal/gen/client/api.gen.go:4320.89,4322.58 2 0
digital.vasic.lava.apigo/internal/gen/client/api.gen.go:4322.58,4324.4 1 0
digital.vasic.lava.apigo/internal/gen/client/api.gen.go:4325.3,4325.27 1 0
digital.vasic.lava.apigo/internal/gen/client/api.gen.go:4329.2,4329.22 1 0
digital.vasic.lava.apigo/internal/gen/client/api.gen.go:4333.75,4335.15 2 0
digital.vasic.lava.apigo/internal/gen/client/api.gen.go:4335.15,4335.39 1 0
digital.vasic.lava.apigo/internal/gen/client/api.gen.go:4336.2,4336.16 1 0
digital.vasic.lava.apigo/internal/gen/client/api.gen.go:4336.16,4338.3 1 0
digital.vasic.lava.apigo/internal/gen/client/api.gen.go:4340.2,4345.9 2 0
digital.vasic.lava.apigo/internal/gen/client/api.gen.go:4346.89,4348.58 2 0
digital.vasic.lava.apigo/internal/gen/client/api.gen.go:4348.58,4350.4 1 0
digital.vasic.lava.apigo/internal/gen/client/api.gen.go:4351.3,4351.27 1 0
digital.vasic.lava.apigo/internal/gen/client/api.gen.go:4353.89,4355.58 2 0
digital.vasic.lava.apigo/internal/gen/client/api.gen.go:4355.58,4357.4 1 0
digital.vasic.lava.apigo/internal/gen/client/api.gen.go:4358.3,4358.27 1 0
digital.vasic.lava.apigo/internal/gen/client/api.gen.go:4362.2,4362.22 1 0
digital.vasic.lava.apigo/internal/gen/client/api.gen.go:4366.89,4368.15 2 0
digital.vasic.lava.apigo/internal/gen/client/api.gen.go:4368.15,4368.39 1 0
digital.vasic.lava.apigo/internal/gen/client/api.gen.go:4369.2,4369.16 1 0
digital.vasic.lava.apigo/internal/gen/client/api.gen.go:4369.16,4371.3 1 0
digital.vasic.lava.apigo/internal/gen/client/api.gen.go:4373.2,4378.9 2 0
digital.vasic.lava.apigo/internal/gen/client/api.gen.go:4379.89,4381.58 2 0
digital.vasic.lava.apigo/internal/gen/client/api.gen.go:4381.58,4383.4 1 0
digital.vasic.lava.apigo/internal/gen/client/api.gen.go:4384.3,4384.27 1 0
digital.vasic.lava.apigo/internal/gen/client/api.gen.go:4386.89,4388.58 2 0
digital.vasic.lava.apigo/internal/gen/client/api.gen.go:4388.58,4390.4 1 0
digital.vasic.lava.apigo/internal/gen/client/api.gen.go:4391.3,4391.27 1 0
digital.vasic.lava.apigo/internal/gen/client/api.gen.go:4395.2,4395.22 1 0
digital.vasic.lava.apigo/internal/gen/client/api.gen.go:4399.75,4401.15 2 0
digital.vasic.lava.apigo/internal/gen/client/api.gen.go:4401.15,4401.39 1 0
digital.vasic.lava.apigo/internal/gen/client/api.gen.go:4402.2,4402.16 1 0
digital.vasic.lava.apigo/internal/gen/client/api.gen.go:4402.16,4404.3 1 0
digital.vasic.lava.apigo/internal/gen/client/api.gen.go:4406.2,4411.9 2 0
digital.vasic.lava.apigo/internal/gen/client/api.gen.go:4412.89,4414.58 2 0
digital.vasic.lava.apigo/internal/gen/client/api.gen.go:4414.58,4416.4 1 0
digital.vasic.lava.apigo/internal/gen/client/api.gen.go:4417.3,4417.27 1 0
digital.vasic.lava.apigo/internal/gen/client/api.gen.go:4419.89,4421.58 2 0
digital.vasic.lava.apigo/internal/gen/client/api.gen.go:4421.58,4423.4 1 0
digital.vasic.lava.apigo/internal/gen/client/api.gen.go:4424.3,4424.27 1 0
digital.vasic.lava.apigo/internal/gen/client/api.gen.go:4428.2,4428.22 1 0
digital.vasic.lava.apigo/internal/gen/client/api.gen.go:4432.77,4434.15 2 0
digital.vasic.lava.apigo/internal/gen/client/api.gen.go:4434.15,4434.39 1 0
digital.vasic.lava.apigo/internal/gen/client/api.gen.go:4435.2,4435.16 1 0
digital.vasic.lava.apigo/internal/gen/client/api.gen.go:4435.16,4437.3 1 0
digital.vasic.lava.apigo/internal/gen/client/api.gen.go:4439.2,4444.9 2 0
digital.vasic.lava.apigo/internal/gen/client/api.gen.go:4445.89,4447.58 2 0
digital.vasic.lava.apigo/internal/gen/client/api.gen.go:4447.58,4449.4 1 0
digital.vasic.lava.apigo/internal/gen/client/api.gen.go:4450.3,4450.27 1 0
digital.vasic.lava.apigo/internal/gen/client/api.gen.go:4452.89,4454.58 2 0
digital.vasic.lava.apigo/internal/gen/client/api.gen.go:4454.58,4456.4 1 0
digital.vasic.lava.apigo/internal/gen/client/api.gen.go:4457.3,4457.27 1 0
digital.vasic.lava.apigo/internal/gen/client/api.gen.go:4461.2,4461.22 1 0
digital.vasic.lava.apigo/internal/gen/client/api.gen.go:4465.77,4467.15 2 0
digital.vasic.lava.apigo/internal/gen/client/api.gen.go:4467.15,4467.39 1 0
digital.vasic.lava.apigo/internal/gen/client/api.gen.go:4468.2,4468.16 1 0
digital.vasic.lava.apigo/internal/gen/client/api.gen.go:4468.16,4470.3 1 0
digital.vasic.lava.apigo/internal/gen/client/api.gen.go:4472.2,4477.9 2 0
digital.vasic.lava.apigo/internal/gen/client/api.gen.go:4478.89,4480.58 2 0
digital.vasic.lava.apigo/internal/gen/client/api.gen.go:4480.58,4482.4 1 0
digital.vasic.lava.apigo/internal/gen/client/api.gen.go:4483.3,4483.27 1 0
digital.vasic.lava.apigo/internal/gen/client/api.gen.go:4485.89,4487.58 2 0
digital.vasic.lava.apigo/internal/gen/client/api.gen.go:4487.58,4489.4 1 0
digital.vasic.lava.apigo/internal/gen/client/api.gen.go:4490.3,4490.27 1 0
digital.vasic.lava.apigo/internal/gen/client/api.gen.go:4494.2,4494.22 1 0
digital.vasic.lava.apigo/internal/gen/client/api.gen.go:4498.75,4500.15 2 0
digital.vasic.lava.apigo/internal/gen/client/api.gen.go:4500.15,4500.39 1 0
digital.vasic.lava.apigo/internal/gen/client/api.gen.go:4501.2,4501.16 1 0
digital.vasic.lava.apigo/internal/gen/client/api.gen.go:4501.16,4503.3 1 0
digital.vasic.lava.apigo/internal/gen/client/api.gen.go:4505.2,4510.9 2 0
digital.vasic.lava.apigo/internal/gen/client/api.gen.go:4511.89,4513.58 2 0
digital.vasic.lava.apigo/internal/gen/client/api.gen.go:4513.58,4515.4 1 0
digital.vasic.lava.apigo/internal/gen/client/api.gen.go:4516.3,4516.27 1 0
digital.vasic.lava.apigo/internal/gen/client/api.gen.go:4518.89,4520.58 2 0
digital.vasic.lava.apigo/internal/gen/client/api.gen.go:4520.58,4522.4 1 0
digital.vasic.lava.apigo/internal/gen/client/api.gen.go:4523.3,4523.27 1 0
digital.vasic.lava.apigo/internal/gen/client/api.gen.go:4527.2,4527.22 1 0
digital.vasic.lava.apigo/internal/gen/client/api.gen.go:4531.83,4533.15 2 0
digital.vasic.lava.apigo/internal/gen/client/api.gen.go:4533.15,4533.39 1 0
digital.vasic.lava.apigo/internal/gen/client/api.gen.go:4534.2,4534.16 1 0
digital.vasic.lava.apigo/internal/gen/client/api.gen.go:4534.16,4536.3 1 0
digital.vasic.lava.apigo/internal/gen/client/api.gen.go:4538.2,4543.9 2 0
digital.vasic.lava.apigo/internal/gen/client/api.gen.go:4544.89,4546.58 2 0
digital.vasic.lava.apigo/internal/gen/client/api.gen.go:4546.58,4548.4 1 0
digital.vasic.lava.apigo/internal/gen/client/api.gen.go:4549.3,4549.27 1 0
digital.vasic.lava.apigo/internal/gen/client/api.gen.go:4551.89,4553.58 2 0
digital.vasic.lava.apigo/internal/gen/client/api.gen.go:4553.58,4555.4 1 0
digital.vasic.lava.apigo/internal/gen/client/api.gen.go:4556.3,4556.27 1 0
digital.vasic.lava.apigo/internal/gen/client/api.gen.go:4560.2,4560.22 1 0
digital.vasic.lava.apigo/internal/gen/client/api.gen.go:4564.79,4566.15 2 0
digital.vasic.lava.apigo/internal/gen/client/api.gen.go:4566.15,4566.39 1 0
digital.vasic.lava.apigo/internal/gen/client/api.gen.go:4567.2,4567.16 1 0
digital.vasic.lava.apigo/internal/gen/client/api.gen.go:4567.16,4569.3 1 0
digital.vasic.lava.apigo/internal/gen/client/api.gen.go:4571.2,4576.9 2 0
digital.vasic.lava.apigo/internal/gen/client/api.gen.go:4577.89,4579.58 2 0
digital.vasic.lava.apigo/internal/gen/client/api.gen.go:4579.58,4581.4 1 0
digital.vasic.lava.apigo/internal/gen/client/api.gen.go:4582.3,4582.27 1 0
digital.vasic.lava.apigo/internal/gen/client/api.gen.go:4584.89,4586.58 2 0
digital.vasic.lava.apigo/internal/gen/client/api.gen.go:4586.58,4588.4 1 0
digital.vasic.lava.apigo/internal/gen/client/api.gen.go:4589.3,4589.27 1 0
digital.vasic.lava.apigo/internal/gen/client/api.gen.go:4593.2,4593.22 1 0
digital.vasic.lava.apigo/internal/gutenberg/browse.go:11.102,13.17 2 1
digital.vasic.lava.apigo/internal/gutenberg/browse.go:13.17,15.3 1 1
digital.vasic.lava.apigo/internal/gutenberg/browse.go:16.2,16.14 1 1
digital.vasic.lava.apigo/internal/gutenberg/browse.go:16.14,18.3 1 1
digital.vasic.lava.apigo/internal/gutenberg/browse.go:19.2,20.42 2 1
digital.vasic.lava.apigo/internal/gutenberg/browse.go:20.42,22.3 1 1
digital.vasic.lava.apigo/internal/gutenberg/browse.go:24.2,25.51 2 1
digital.vasic.lava.apigo/internal/gutenberg/browse.go:25.51,27.3 1 0
digital.vasic.lava.apigo/internal/gutenberg/browse.go:29.2,34.32 2 1
digital.vasic.lava.apigo/internal/gutenberg/browse.go:34.32,36.3 1 1
digital.vasic.lava.apigo/internal/gutenberg/browse.go:37.2,37.17 1 1
digital.vasic.lava.apigo/internal/gutenberg/client.go:23.37,24.16 1 11
digital.vasic.lava.apigo/internal/gutenberg/client.go:24.16,26.3 1 4
digital.vasic.lava.apigo/internal/gutenberg/client.go:27.2,32.3 1 11
digital.vasic.lava.apigo/internal/gutenberg/client.go:35.75,37.16 2 7
digital.vasic.lava.apigo/internal/gutenberg/client.go:37.16,39.3 1 0
digital.vasic.lava.apigo/internal/gutenberg/client.go:40.2,44.16 4 7
digital.vasic.lava.apigo/internal/gutenberg/client.go:44.16,46.3 1 0
digital.vasic.lava.apigo/internal/gutenberg/client.go:47.2,47.15 1 7
digital.vasic.lava.apigo/internal/gutenberg/client.go:47.15,47.40 1 7
digital.vasic.lava.apigo/internal/gutenberg/client.go:49.2,49.28 1 7
digital.vasic.lava.apigo/internal/gutenberg/client.go:49.28,51.3 1 1
digital.vasic.lava.apigo/internal/gutenberg/client.go:52.2,52.38 1 6
digital.vasic.lava.apigo/internal/gutenberg/client.go:52.38,55.3 2 0
digital.vasic.lava.apigo/internal/gutenberg/client.go:56.2,56.47 1 6
digital.vasic.lava.apigo/internal/gutenberg/client.go:59.81,61.16 2 2
digital.vasic.lava.apigo/internal/gutenberg/client.go:61.16,63.3 1 0
digital.vasic.lava.apigo/internal/gutenberg/client.go:64.2,67.16 3 2
digital.vasic.lava.apigo/internal/gutenberg/client.go:67.16,69.3 1 0
digital.vasic.lava.apigo/internal/gutenberg/client.go:70.2,70.15 1 2
digital.vasic.lava.apigo/internal/gutenberg/client.go:70.15,70.40 1 2
digital.vasic.lava.apigo/internal/gutenberg/client.go:72.2,72.28 1 2
digital.vasic.lava.apigo/internal/gutenberg/client.go:72.28,74.3 1 0
digital.vasic.lava.apigo/internal/gutenberg/client.go:75.2,75.38 1 2
digital.vasic.lava.apigo/internal/gutenberg/client.go:75.38,78.3 2 0
digital.vasic.lava.apigo/internal/gutenberg/client.go:79.2,79.30 1 2
digital.vasic.lava.apigo/internal/gutenberg/download.go:10.95,13.49 3 2
digital.vasic.lava.apigo/internal/gutenberg/download.go:13.49,15.3 1 0
digital.vasic.lava.apigo/internal/gutenberg/download.go:17.2,18.15 2 2
digital.vasic.lava.apigo/internal/gutenberg/download.go:18.15,20.3 1 0
digital.vasic.lava.apigo/internal/gutenberg/download.go:22.2,23.16 2 2
digital.vasic.lava.apigo/internal/gutenberg/download.go:23.16,25.3 1 0
digital.vasic.lava.apigo/internal/gutenberg/download.go:27.2,36.8 3 2
digital.vasic.lava.apigo/internal/gutenberg/provider.go:17.58,19.2 1 4
digital.vasic.lava.apigo/internal/gutenberg/provider.go:22.39,22.61 1 1
digital.vasic.lava.apigo/internal/gutenberg/provider.go:25.48,25.78 1 1
digital.vasic.lava.apigo/internal/gutenberg/provider.go:28.56,28.84 1 1
digital.vasic.lava.apigo/internal/gutenberg/provider.go:31.45,31.63 1 1
digital.vasic.lava.apigo/internal/gutenberg/provider.go:34.72,41.2 1 1
digital.vasic.lava.apigo/internal/gutenberg/provider.go:44.137,46.2 1 0
digital.vasic.lava.apigo/internal/gutenberg/provider.go:49.140,51.2 1 0
digital.vasic.lava.apigo/internal/gutenberg/provider.go:54.114,66.2 1 1
digital.vasic.lava.apigo/internal/gutenberg/provider.go:69.130,71.2 1 0
digital.vasic.lava.apigo/internal/gutenberg/provider.go:74.130,76.2 1 1
digital.vasic.lava.apigo/internal/gutenberg/provider.go:79.128,81.2 1 0
digital.vasic.lava.apigo/internal/gutenberg/provider.go:84.142,86.2 1 1
digital.vasic.lava.apigo/internal/gutenberg/provider.go:89.120,91.2 1 1
digital.vasic.lava.apigo/internal/gutenberg/provider.go:94.123,96.2 1 1
digital.vasic.lava.apigo/internal/gutenberg/provider.go:99.112,101.2 1 1
digital.vasic.lava.apigo/internal/gutenberg/provider.go:104.115,106.2 1 1
digital.vasic.lava.apigo/internal/gutenberg/provider.go:109.99,111.2 1 1
digital.vasic.lava.apigo/internal/gutenberg/provider.go:114.110,116.2 1 1
digital.vasic.lava.apigo/internal/gutenberg/provider.go:119.106,121.2 1 1
digital.vasic.lava.apigo/internal/gutenberg/provider.go:124.92,126.16 2 0
digital.vasic.lava.apigo/internal/gutenberg/provider.go:126.16,133.3 1 0
digital.vasic.lava.apigo/internal/gutenberg/provider.go:134.2,134.51 1 0
digital.vasic.lava.apigo/internal/gutenberg/search.go:11.102,13.17 2 1
digital.vasic.lava.apigo/internal/gutenberg/search.go:13.17,15.3 1 1
digital.vasic.lava.apigo/internal/gutenberg/search.go:16.2,16.14 1 1
digital.vasic.lava.apigo/internal/gutenberg/search.go:16.14,18.3 1 1
digital.vasic.lava.apigo/internal/gutenberg/search.go:19.2,20.42 2 1
digital.vasic.lava.apigo/internal/gutenberg/search.go:20.42,22.3 1 1
digital.vasic.lava.apigo/internal/gutenberg/search.go:24.2,25.51 2 1
digital.vasic.lava.apigo/internal/gutenberg/search.go:25.51,27.3 1 0
digital.vasic.lava.apigo/internal/gutenberg/search.go:29.2,35.32 2 1
digital.vasic.lava.apigo/internal/gutenberg/search.go:35.32,37.3 1 1
digital.vasic.lava.apigo/internal/gutenberg/search.go:38.2,38.17 1 1
digital.vasic.lava.apigo/internal/gutenberg/search.go:41.51,43.24 2 2
digital.vasic.lava.apigo/internal/gutenberg/search.go:43.24,45.3 1 2
digital.vasic.lava.apigo/internal/gutenberg/search.go:46.2,52.3 1 2
digital.vasic.lava.apigo/internal/gutenberg/search.go:55.40,56.16 1 1
digital.vasic.lava.apigo/internal/gutenberg/search.go:56.16,58.3 1 0
digital.vasic.lava.apigo/internal/gutenberg/search.go:59.2,60.18 2 1
digital.vasic.lava.apigo/internal/gutenberg/search.go:60.18,62.3 1 0
digital.vasic.lava.apigo/internal/gutenberg/search.go:63.2,63.15 1 1
digital.vasic.lava.apigo/internal/gutenberg/search.go:63.15,65.3 1 0
digital.vasic.lava.apigo/internal/gutenberg/search.go:66.2,66.14 1 1
digital.vasic.lava.apigo/internal/gutenberg/topic.go:11.89,15.49 3 1
digital.vasic.lava.apigo/internal/gutenberg/topic.go:15.49,17.3 1 0
digital.vasic.lava.apigo/internal/gutenberg/topic.go:19.2,20.24 2 1
digital.vasic.lava.apigo/internal/gutenberg/topic.go:20.24,22.3 1 1
digital.vasic.lava.apigo/internal/gutenberg/topic.go:24.2,35.8 2 1
digital.vasic.lava.apigo/internal/gutenberg/topic.go:38.39,40.30 2 1
digital.vasic.lava.apigo/internal/gutenberg/topic.go:40.30,41.12 1 1
digital.vasic.lava.apigo/internal/gutenberg/topic.go:41.12,43.4 1 0
digital.vasic.lava.apigo/internal/gutenberg/topic.go:44.3,44.17 1 1
digital.vasic.lava.apigo/internal/gutenberg/topic.go:46.2,46.25 1 1
digital.vasic.lava.apigo/internal/gutenberg/topic.go:46.25,48.3 1 1
digital.vasic.lava.apigo/internal/gutenberg/topic.go:49.2,50.13 2 1
digital.vasic.lava.apigo/internal/gutenberg/utils.go:9.58,10.20 1 65
digital.vasic.lava.apigo/internal/gutenberg/utils.go:10.20,12.3 1 1
digital.vasic.lava.apigo/internal/gutenberg/utils.go:13.2,21.33 2 64
digital.vasic.lava.apigo/internal/gutenberg/utils.go:21.33,22.48 1 342
digital.vasic.lava.apigo/internal/gutenberg/utils.go:22.48,24.4 1 10
digital.vasic.lava.apigo/internal/gutenberg/utils.go:26.2,27.25 2 54
digital.vasic.lava.apigo/internal/gutenberg/utils.go:27.25,29.3 1 156
digital.vasic.lava.apigo/internal/gutenberg/utils.go:30.2,31.25 2 54
digital.vasic.lava.apigo/internal/gutenberg/utils.go:31.25,32.35 1 54
digital.vasic.lava.apigo/internal/gutenberg/utils.go:32.35,34.4 1 52
digital.vasic.lava.apigo/internal/gutenberg/utils.go:36.2,36.11 1 2
digital.vasic.lava.apigo/internal/gutenberg/utils.go:39.55,40.20 1 10
digital.vasic.lava.apigo/internal/gutenberg/utils.go:40.20,42.3 1 1
digital.vasic.lava.apigo/internal/gutenberg/utils.go:43.2,43.50 1 9
digital.vasic.lava.apigo/internal/gutenberg/utils.go:43.50,45.3 1 4
digital.vasic.lava.apigo/internal/gutenberg/utils.go:46.2,46.40 1 5
digital.vasic.lava.apigo/internal/gutenberg/utils.go:46.40,48.3 1 2
digital.vasic.lava.apigo/internal/gutenberg/utils.go:49.2,49.39 1 3
digital.vasic.lava.apigo/internal/gutenberg/utils.go:49.39,51.3 1 1
digital.vasic.lava.apigo/internal/gutenberg/utils.go:52.2,52.11 1 2
digital.vasic.lava.apigo/internal/gutenberg/utils.go:55.47,56.24 1 2
digital.vasic.lava.apigo/internal/gutenberg/utils.go:56.24,58.3 1 0
digital.vasic.lava.apigo/internal/gutenberg/utils.go:59.2,59.20 1 2
digital.vasic.lava.apigo/internal/gutenberg/utils.go:62.50,64.2 1 1
digital.vasic.lava.apigo/internal/gutenberg/utils.go:66.41,68.2 1 2
digital.vasic.lava.apigo/internal/handlers/captcha.go:56.52,58.2 1 128
digital.vasic.lava.apigo/internal/handlers/captcha.go:65.53,69.16 3 7
digital.vasic.lava.apigo/internal/handlers/captcha.go:69.16,72.3 2 2
digital.vasic.lava.apigo/internal/handlers/captcha.go:74.2,75.23 2 5
digital.vasic.lava.apigo/internal/handlers/captcha.go:75.23,77.3 1 1
digital.vasic.lava.apigo/internal/handlers/captcha.go:78.2,78.47 1 5
digital.vasic.lava.apigo/internal/handlers/comments_add.go:58.60,60.2 1 128
digital.vasic.lava.apigo/internal/handlers/comments_add.go:74.57,83.16 5 9
digital.vasic.lava.apigo/internal/handlers/comments_add.go:83.16,86.3 2 0
digital.vasic.lava.apigo/internal/handlers/comments_add.go:88.2,89.16 2 9
digital.vasic.lava.apigo/internal/handlers/comments_add.go:89.16,95.3 2 3
digital.vasic.lava.apigo/internal/handlers/comments_add.go:102.2,104.33 2 6
digital.vasic.lava.apigo/internal/handlers/favorites.go:83.56,85.2 1 128
digital.vasic.lava.apigo/internal/handlers/favorites.go:92.57,98.110 4 9
digital.vasic.lava.apigo/internal/handlers/favorites.go:98.110,101.3 2 2
digital.vasic.lava.apigo/internal/handlers/favorites.go:103.2,104.16 2 7
digital.vasic.lava.apigo/internal/handlers/favorites.go:104.16,107.3 2 4
digital.vasic.lava.apigo/internal/handlers/favorites.go:108.2,109.16 2 3
digital.vasic.lava.apigo/internal/handlers/favorites.go:109.16,112.3 2 0
digital.vasic.lava.apigo/internal/handlers/favorites.go:114.2,115.49 2 3
digital.vasic.lava.apigo/internal/handlers/favorites.go:137.78,140.2 2 8
digital.vasic.lava.apigo/internal/handlers/favorites.go:152.56,158.16 5 6
digital.vasic.lava.apigo/internal/handlers/favorites.go:158.16,163.3 2 2
digital.vasic.lava.apigo/internal/handlers/favorites.go:168.2,170.33 2 4
digital.vasic.lava.apigo/internal/handlers/favorites.go:178.59,184.16 5 6
digital.vasic.lava.apigo/internal/handlers/favorites.go:184.16,187.3 2 2
digital.vasic.lava.apigo/internal/handlers/favorites.go:189.2,191.33 2 4
digital.vasic.lava.apigo/internal/handlers/forum.go:48.48,50.2 1 128
digital.vasic.lava.apigo/internal/handlers/forum.go:54.49,59.110 4 6
digital.vasic.lava.apigo/internal/handlers/forum.go:59.110,62.3 2 2
digital.vasic.lava.apigo/internal/handlers/forum.go:64.2,65.16 2 4
digital.vasic.lava.apigo/internal/handlers/forum.go:65.16,68.3 2 1
digital.vasic.lava.apigo/internal/handlers/forum.go:69.2,70.16 2 3
digital.vasic.lava.apigo/internal/handlers/forum.go:70.16,73.3 2 0
digital.vasic.lava.apigo/internal/handlers/forum.go:75.2,76.49 2 3
digital.vasic.lava.apigo/internal/handlers/forum.go:82.56,88.47 5 12
digital.vasic.lava.apigo/internal/handlers/forum.go:88.47,89.53 1 2
digital.vasic.lava.apigo/internal/handlers/forum.go:89.53,91.4 1 1
digital.vasic.lava.apigo/internal/handlers/forum.go:94.2,97.110 3 12
digital.vasic.lava.apigo/internal/handlers/forum.go:97.110,100.3 2 1
digital.vasic.lava.apigo/internal/handlers/forum.go:102.2,103.16 2 11
digital.vasic.lava.apigo/internal/handlers/forum.go:103.16,106.3 2 4
digital.vasic.lava.apigo/internal/handlers/forum.go:107.2,108.16 2 7
digital.vasic.lava.apigo/internal/handlers/forum.go:108.16,111.3 2 0
digital.vasic.lava.apigo/internal/handlers/forum.go:113.2,114.49 2 7
digital.vasic.lava.apigo/internal/handlers/handlers.go:105.47,139.2 25 128
digital.vasic.lava.apigo/internal/handlers/handlers.go:147.49,149.16 2 72
digital.vasic.lava.apigo/internal/handlers/handlers.go:149.16,156.3 2 0
digital.vasic.lava.apigo/internal/handlers/handlers.go:157.2,157.40 1 72
digital.vasic.lava.apigo/internal/handlers/handlers.go:177.52,184.9 1 42
digital.vasic.lava.apigo/internal/handlers/handlers.go:185.45,186.45 1 7
digital.vasic.lava.apigo/internal/handlers/handlers.go:187.46,188.46 1 6
digital.vasic.lava.apigo/internal/handlers/handlers.go:189.49,190.49 1 12
digital.vasic.lava.apigo/internal/handlers/handlers.go:191.48,192.55 1 4
digital.vasic.lava.apigo/internal/handlers/handlers.go:193.10,194.47 1 13
digital.vasic.lava.apigo/internal/handlers/index.go:51.48,53.2 1 128
digital.vasic.lava.apigo/internal/handlers/index.go:64.49,68.16 3 6
digital.vasic.lava.apigo/internal/handlers/index.go:68.16,71.3 2 2
digital.vasic.lava.apigo/internal/handlers/index.go:73.2,73.33 1 4
digital.vasic.lava.apigo/internal/handlers/login.go:57.46,59.2 1 128
digital.vasic.lava.apigo/internal/handlers/login.go:72.49,73.46 1 11
digital.vasic.lava.apigo/internal/handlers/login.go:73.46,76.3 2 0
digital.vasic.lava.apigo/internal/handlers/login.go:78.2,80.38 3 11
digital.vasic.lava.apigo/internal/handlers/login.go:80.38,87.3 2 3
digital.vasic.lava.apigo/internal/handlers/login.go:94.2,95.41 2 8
digital.vasic.lava.apigo/internal/handlers/login.go:95.41,97.3 1 2
digital.vasic.lava.apigo/internal/handlers/login.go:98.2,98.42 1 8
digital.vasic.lava.apigo/internal/handlers/login.go:98.42,100.3 1 1
digital.vasic.lava.apigo/internal/handlers/login.go:101.2,101.41 1 8
digital.vasic.lava.apigo/internal/handlers/login.go:101.41,103.3 1 1
digital.vasic.lava.apigo/internal/handlers/login.go:105.2,114.16 3 8
digital.vasic.lava.apigo/internal/handlers/login.go:114.16,123.3 3 2
digital.vasic.lava.apigo/internal/handlers/login.go:125.2,125.35 1 6
digital.vasic.lava.apigo/internal/handlers/search.go:51.50,53.2 1 128
digital.vasic.lava.apigo/internal/handlers/search.go:58.51,64.36 4 20
digital.vasic.lava.apigo/internal/handlers/search.go:64.36,67.3 2 5
digital.vasic.lava.apigo/internal/handlers/search.go:68.2,68.41 1 20
digital.vasic.lava.apigo/internal/handlers/search.go:68.41,71.3 2 1
digital.vasic.lava.apigo/internal/handlers/search.go:72.2,72.37 1 20
digital.vasic.lava.apigo/internal/handlers/search.go:72.37,75.3 2 1
digital.vasic.lava.apigo/internal/handlers/search.go:76.2,76.39 1 20
digital.vasic.lava.apigo/internal/handlers/search.go:76.39,79.3 2 1
digital.vasic.lava.apigo/internal/handlers/search.go:80.2,80.35 1 20
digital.vasic.lava.apigo/internal/handlers/search.go:80.35,82.21 2 2
digital.vasic.lava.apigo/internal/handlers/search.go:82.21,85.4 2 1
digital.vasic.lava.apigo/internal/handlers/search.go:86.3,86.25 1 1
digital.vasic.lava.apigo/internal/handlers/search.go:88.2,88.36 1 19
digital.vasic.lava.apigo/internal/handlers/search.go:88.36,90.21 2 2
digital.vasic.lava.apigo/internal/handlers/search.go:90.21,93.4 2 1
digital.vasic.lava.apigo/internal/handlers/search.go:94.3,94.26 1 1
digital.vasic.lava.apigo/internal/handlers/search.go:96.2,96.37 1 18
digital.vasic.lava.apigo/internal/handlers/search.go:96.37,98.21 2 2
digital.vasic.lava.apigo/internal/handlers/search.go:98.21,101.4 2 1
digital.vasic.lava.apigo/internal/handlers/search.go:102.3,102.23 1 1
digital.vasic.lava.apigo/internal/handlers/search.go:108.2,108.47 1 17
digital.vasic.lava.apigo/internal/handlers/search.go:108.47,109.53 1 2
digital.vasic.lava.apigo/internal/handlers/search.go:109.53,111.4 1 1
digital.vasic.lava.apigo/internal/handlers/search.go:114.2,116.110 2 17
digital.vasic.lava.apigo/internal/handlers/search.go:116.110,119.3 2 2
digital.vasic.lava.apigo/internal/handlers/search.go:121.2,122.16 2 15
digital.vasic.lava.apigo/internal/handlers/search.go:122.16,125.3 2 2
digital.vasic.lava.apigo/internal/handlers/search.go:126.2,127.16 2 13
digital.vasic.lava.apigo/internal/handlers/search.go:127.16,130.3 2 0
digital.vasic.lava.apigo/internal/handlers/search.go:132.2,133.49 2 13
digital.vasic.lava.apigo/internal/handlers/topic.go:60.48,62.2 1 128
digital.vasic.lava.apigo/internal/handlers/topic.go:67.45,69.19 2 36
digital.vasic.lava.apigo/internal/handlers/topic.go:69.19,71.3 1 30
digital.vasic.lava.apigo/internal/handlers/topic.go:72.2,73.16 2 6
digital.vasic.lava.apigo/internal/handlers/topic.go:73.16,78.3 1 3
digital.vasic.lava.apigo/internal/handlers/topic.go:79.2,79.14 1 3
digital.vasic.lava.apigo/internal/handlers/topic.go:85.49,94.110 7 14
digital.vasic.lava.apigo/internal/handlers/topic.go:94.110,97.3 2 2
digital.vasic.lava.apigo/internal/handlers/topic.go:99.2,100.16 2 12
digital.vasic.lava.apigo/internal/handlers/topic.go:100.16,103.3 2 4
digital.vasic.lava.apigo/internal/handlers/topic.go:104.2,105.16 2 8
digital.vasic.lava.apigo/internal/handlers/topic.go:105.16,108.3 2 0
digital.vasic.lava.apigo/internal/handlers/topic.go:110.2,111.49 2 8
digital.vasic.lava.apigo/internal/handlers/topic.go:117.53,126.110 7 11
digital.vasic.lava.apigo/internal/handlers/topic.go:126.110,129.3 2 1
digital.vasic.lava.apigo/internal/handlers/topic.go:131.2,132.16 2 10
digital.vasic.lava.apigo/internal/handlers/topic.go:132.16,135.3 2 4
digital.vasic.lava.apigo/internal/handlers/topic.go:136.2,137.16 2 6
digital.vasic.lava.apigo/internal/handlers/topic.go:137.16,140.3 2 0
digital.vasic.lava.apigo/internal/handlers/topic.go:142.2,143.49 2 6
digital.vasic.lava.apigo/internal/handlers/topic.go:168.84,171.100 3 6
digital.vasic.lava.apigo/internal/handlers/topic.go:171.100,176.3 2 18
digital.vasic.lava.apigo/internal/handlers/topic.go:182.56,191.110 7 11
digital.vasic.lava.apigo/internal/handlers/topic.go:191.110,194.3 2 1
digital.vasic.lava.apigo/internal/handlers/topic.go:196.2,197.16 2 10
digital.vasic.lava.apigo/internal/handlers/topic.go:197.16,200.3 2 4
digital.vasic.lava.apigo/internal/handlers/topic.go:201.2,202.16 2 6
digital.vasic.lava.apigo/internal/handlers/topic.go:202.16,205.3 2 0
digital.vasic.lava.apigo/internal/handlers/topic.go:207.2,208.49 2 6
digital.vasic.lava.apigo/internal/handlers/torrent.go:66.52,68.2 1 128
digital.vasic.lava.apigo/internal/handlers/torrent.go:73.53,81.110 6 10
digital.vasic.lava.apigo/internal/handlers/torrent.go:81.110,84.3 2 2
digital.vasic.lava.apigo/internal/handlers/torrent.go:86.2,87.16 2 8
digital.vasic.lava.apigo/internal/handlers/torrent.go:87.16,90.3 2 4
digital.vasic.lava.apigo/internal/handlers/torrent.go:91.2,92.16 2 4
digital.vasic.lava.apigo/internal/handlers/torrent.go:92.16,95.3 2 0
digital.vasic.lava.apigo/internal/handlers/torrent.go:97.2,98.49 2 4
digital.vasic.lava.apigo/internal/handlers/torrent.go:112.54,117.16 4 7
digital.vasic.lava.apigo/internal/handlers/torrent.go:117.16,120.3 2 2
digital.vasic.lava.apigo/internal/handlers/torrent.go:122.2,122.35 1 5
digital.vasic.lava.apigo/internal/handlers/torrent.go:122.35,124.3 1 4
digital.vasic.lava.apigo/internal/handlers/torrent.go:125.2,126.23 2 5
digital.vasic.lava.apigo/internal/handlers/torrent.go:126.23,132.3 1 1
digital.vasic.lava.apigo/internal/handlers/torrent.go:133.2,133.48 1 5
digital.vasic.lava.apigo/internal/handlers/v1/browse.go:23.50,25.2 1 12
digital.vasic.lava.apigo/internal/handlers/v1/browse.go:27.51,34.47 6 1
digital.vasic.lava.apigo/internal/handlers/v1/browse.go:34.47,35.50 1 0
digital.vasic.lava.apigo/internal/handlers/v1/browse.go:35.50,37.4 1 0
digital.vasic.lava.apigo/internal/handlers/v1/browse.go:40.2,42.110 2 1
digital.vasic.lava.apigo/internal/handlers/v1/browse.go:42.110,45.3 2 0
digital.vasic.lava.apigo/internal/handlers/v1/browse.go:47.2,48.16 2 1
digital.vasic.lava.apigo/internal/handlers/v1/browse.go:48.16,51.3 2 0
digital.vasic.lava.apigo/internal/handlers/v1/browse.go:52.2,53.16 2 1
digital.vasic.lava.apigo/internal/handlers/v1/browse.go:53.16,56.3 2 0
digital.vasic.lava.apigo/internal/handlers/v1/browse.go:57.2,58.49 2 1
digital.vasic.lava.apigo/internal/handlers/v1/captcha.go:13.52,15.2 1 12
digital.vasic.lava.apigo/internal/handlers/v1/captcha.go:17.53,22.16 4 0
digital.vasic.lava.apigo/internal/handlers/v1/captcha.go:22.16,25.3 2 0
digital.vasic.lava.apigo/internal/handlers/v1/captcha.go:26.2,26.49 1 0
digital.vasic.lava.apigo/internal/handlers/v1/comments.go:24.54,26.2 1 12
digital.vasic.lava.apigo/internal/handlers/v1/comments.go:28.55,35.47 6 0
digital.vasic.lava.apigo/internal/handlers/v1/comments.go:35.47,36.50 1 0
digital.vasic.lava.apigo/internal/handlers/v1/comments.go:36.50,38.4 1 0
digital.vasic.lava.apigo/internal/handlers/v1/comments.go:41.2,43.110 2 0
digital.vasic.lava.apigo/internal/handlers/v1/comments.go:43.110,46.3 2 0
digital.vasic.lava.apigo/internal/handlers/v1/comments.go:48.2,49.16 2 0
digital.vasic.lava.apigo/internal/handlers/v1/comments.go:49.16,52.3 2 0
digital.vasic.lava.apigo/internal/handlers/v1/comments.go:53.2,54.16 2 0
digital.vasic.lava.apigo/internal/handlers/v1/comments.go:54.16,57.3 2 0
digital.vasic.lava.apigo/internal/handlers/v1/comments.go:58.2,59.49 2 0
digital.vasic.lava.apigo/internal/handlers/v1/comments.go:62.54,70.47 5 0
digital.vasic.lava.apigo/internal/handlers/v1/comments.go:70.47,73.3 2 0
digital.vasic.lava.apigo/internal/handlers/v1/comments.go:75.2,76.16 2 0
digital.vasic.lava.apigo/internal/handlers/v1/comments.go:76.16,79.3 2 0
digital.vasic.lava.apigo/internal/handlers/v1/comments.go:80.2,80.51 1 0
digital.vasic.lava.apigo/internal/handlers/v1/favorites.go:22.56,24.2 1 12
digital.vasic.lava.apigo/internal/handlers/v1/favorites.go:26.57,33.110 5 0
digital.vasic.lava.apigo/internal/handlers/v1/favorites.go:33.110,36.3 2 0
digital.vasic.lava.apigo/internal/handlers/v1/favorites.go:38.2,39.16 2 0
digital.vasic.lava.apigo/internal/handlers/v1/favorites.go:39.16,42.3 2 0
digital.vasic.lava.apigo/internal/handlers/v1/favorites.go:43.2,44.16 2 0
digital.vasic.lava.apigo/internal/handlers/v1/favorites.go:44.16,47.3 2 0
digital.vasic.lava.apigo/internal/handlers/v1/favorites.go:48.2,49.49 2 0
digital.vasic.lava.apigo/internal/handlers/v1/favorites.go:52.56,58.16 5 0
digital.vasic.lava.apigo/internal/handlers/v1/favorites.go:58.16,61.3 2 0
digital.vasic.lava.apigo/internal/handlers/v1/favorites.go:62.2,62.51 1 0
digital.vasic.lava.apigo/internal/handlers/v1/favorites.go:65.59,71.16 5 0
digital.vasic.lava.apigo/internal/handlers/v1/favorites.go:71.16,74.3 2 0
digital.vasic.lava.apigo/internal/handlers/v1/favorites.go:75.2,75.51 1 0
digital.vasic.lava.apigo/internal/handlers/v1/forum.go:22.48,24.2 1 12
digital.vasic.lava.apigo/internal/handlers/v1/forum.go:26.49,33.110 5 1
digital.vasic.lava.apigo/internal/handlers/v1/forum.go:33.110,36.3 2 0
digital.vasic.lava.apigo/internal/handlers/v1/forum.go:38.2,39.16 2 1
digital.vasic.lava.apigo/internal/handlers/v1/forum.go:39.16,42.3 2 0
digital.vasic.lava.apigo/internal/handlers/v1/forum.go:43.2,44.16 2 1
digital.vasic.lava.apigo/internal/handlers/v1/forum.go:44.16,47.3 2 0
digital.vasic.lava.apigo/internal/handlers/v1/forum.go:48.2,49.49 2 1
digital.vasic.lava.apigo/internal/handlers/v1/handlers.go:44.51,75.2 22 12
digital.vasic.lava.apigo/internal/handlers/v1/handlers.go:78.56,80.2 1 12
digital.vasic.lava.apigo/internal/handlers/v1/handlers.go:83.47,85.2 1 14
digital.vasic.lava.apigo/internal/handlers/v1/handlers.go:89.60,91.19 2 16
digital.vasic.lava.apigo/internal/handlers/v1/handlers.go:91.19,93.3 1 16
digital.vasic.lava.apigo/internal/handlers/v1/handlers.go:94.2,94.21 1 0
digital.vasic.lava.apigo/internal/handlers/v1/handlers.go:100.145,103.29 2 14
digital.vasic.lava.apigo/internal/handlers/v1/handlers.go:103.29,105.3 1 2
digital.vasic.lava.apigo/internal/handlers/v1/handlers.go:106.2,107.67 2 14
digital.vasic.lava.apigo/internal/handlers/v1/handlers.go:112.49,114.16 2 7
digital.vasic.lava.apigo/internal/handlers/v1/handlers.go:114.16,117.3 2 0
digital.vasic.lava.apigo/internal/handlers/v1/handlers.go:118.2,118.40 1 7
digital.vasic.lava.apigo/internal/handlers/v1/handlers.go:122.52,123.9 1 7
digital.vasic.lava.apigo/internal/handlers/v1/handlers.go:124.44,125.45 1 2
digital.vasic.lava.apigo/internal/handlers/v1/handlers.go:126.45,127.46 1 1
digital.vasic.lava.apigo/internal/handlers/v1/handlers.go:128.48,129.49 1 1
digital.vasic.lava.apigo/internal/handlers/v1/handlers.go:130.47,131.55 1 2
digital.vasic.lava.apigo/internal/handlers/v1/handlers.go:132.10,133.47 1 1
digital.vasic.lava.apigo/internal/handlers/v1/login.go:15.48,17.2 1 12
digital.vasic.lava.apigo/internal/handlers/v1/login.go:19.50,28.47 3 0
digital.vasic.lava.apigo/internal/handlers/v1/login.go:28.47,31.3 2 0
digital.vasic.lava.apigo/internal/handlers/v1/login.go:33.2,39.16 2 0
digital.vasic.lava.apigo/internal/handlers/v1/login.go:39.16,42.3 2 0
digital.vasic.lava.apigo/internal/handlers/v1/login.go:43.2,43.37 1 0
digital.vasic.lava.apigo/internal/handlers/v1/search.go:28.50,30.2 1 12
digital.vasic.lava.apigo/internal/handlers/v1/search.go:32.51,38.36 5 9
digital.vasic.lava.apigo/internal/handlers/v1/search.go:38.36,40.3 1 9
digital.vasic.lava.apigo/internal/handlers/v1/search.go:41.2,41.35 1 9
digital.vasic.lava.apigo/internal/handlers/v1/search.go:41.35,43.3 1 0
digital.vasic.lava.apigo/internal/handlers/v1/search.go:44.2,44.36 1 9
digital.vasic.lava.apigo/internal/handlers/v1/search.go:44.36,46.3 1 0
digital.vasic.lava.apigo/internal/handlers/v1/search.go:47.2,47.39 1 9
digital.vasic.lava.apigo/internal/handlers/v1/search.go:47.39,49.3 1 0
digital.vasic.lava.apigo/internal/handlers/v1/search.go:50.2,50.47 1 9
digital.vasic.lava.apigo/internal/handlers/v1/search.go:50.47,51.53 1 2
digital.vasic.lava.apigo/internal/handlers/v1/search.go:51.53,53.4 1 2
digital.vasic.lava.apigo/internal/handlers/v1/search.go:56.2,58.110 2 9
digital.vasic.lava.apigo/internal/handlers/v1/search.go:58.110,61.3 2 0
digital.vasic.lava.apigo/internal/handlers/v1/search.go:63.2,64.16 2 9
digital.vasic.lava.apigo/internal/handlers/v1/search.go:64.16,67.3 2 7
digital.vasic.lava.apigo/internal/handlers/v1/search.go:68.2,69.16 2 2
digital.vasic.lava.apigo/internal/handlers/v1/search.go:69.16,72.3 2 0
digital.vasic.lava.apigo/internal/handlers/v1/search.go:73.2,74.49 2 2
digital.vasic.lava.apigo/internal/handlers/v1/search.go:82.51,83.21 1 14
digital.vasic.lava.apigo/internal/handlers/v1/search.go:83.21,84.69 1 14
digital.vasic.lava.apigo/internal/handlers/v1/search.go:84.69,86.4 1 0
digital.vasic.lava.apigo/internal/handlers/v1/search.go:88.2,88.68 1 14
digital.vasic.lava.apigo/internal/handlers/v1/search.go:88.68,90.3 1 0
digital.vasic.lava.apigo/internal/handlers/v1/search.go:91.2,91.35 1 14
digital.vasic.lava.apigo/internal/handlers/v1/search.go:91.35,93.3 1 14
digital.vasic.lava.apigo/internal/handlers/v1/search.go:94.2,94.12 1 14
digital.vasic.lava.apigo/internal/handlers/v1/search.go:101.80,103.2 1 4
digital.vasic.lava.apigo/internal/handlers/v1/search.go:114.61,116.17 2 4
digital.vasic.lava.apigo/internal/handlers/v1/search.go:116.17,119.3 2 1
digital.vasic.lava.apigo/internal/handlers/v1/search.go:121.2,122.27 2 3
digital.vasic.lava.apigo/internal/handlers/v1/search.go:122.27,123.39 1 1
digital.vasic.lava.apigo/internal/handlers/v1/search.go:123.39,124.51 1 1
digital.vasic.lava.apigo/internal/handlers/v1/search.go:124.51,126.5 1 1
digital.vasic.lava.apigo/internal/handlers/v1/search.go:129.2,129.27 1 3
digital.vasic.lava.apigo/internal/handlers/v1/search.go:129.27,132.3 2 0
digital.vasic.lava.apigo/internal/handlers/v1/search.go:134.2,135.35 2 3
digital.vasic.lava.apigo/internal/handlers/v1/search.go:135.35,137.3 1 0
digital.vasic.lava.apigo/internal/handlers/v1/search.go:138.2,138.36 1 3
digital.vasic.lava.apigo/internal/handlers/v1/search.go:138.36,140.3 1 0
digital.vasic.lava.apigo/internal/handlers/v1/search.go:141.2,141.39 1 3
digital.vasic.lava.apigo/internal/handlers/v1/search.go:141.39,143.3 1 0
digital.vasic.lava.apigo/internal/handlers/v1/search.go:145.2,155.34 9 3
digital.vasic.lava.apigo/internal/handlers/v1/search.go:155.34,156.35 1 3
digital.vasic.lava.apigo/internal/handlers/v1/search.go:156.35,158.18 2 4
digital.vasic.lava.apigo/internal/handlers/v1/search.go:158.18,159.13 1 0
digital.vasic.lava.apigo/internal/handlers/v1/search.go:162.4,167.96 3 4
digital.vasic.lava.apigo/internal/handlers/v1/search.go:167.96,169.5 1 0
digital.vasic.lava.apigo/internal/handlers/v1/search.go:171.4,175.18 4 4
digital.vasic.lava.apigo/internal/handlers/v1/search.go:175.18,190.97 5 1
digital.vasic.lava.apigo/internal/handlers/v1/search.go:190.97,192.6 1 0
digital.vasic.lava.apigo/internal/handlers/v1/search.go:193.5,193.13 1 1
digital.vasic.lava.apigo/internal/handlers/v1/search.go:196.4,204.93 3 3
digital.vasic.lava.apigo/internal/handlers/v1/search.go:204.93,206.5 1 0
digital.vasic.lava.apigo/internal/handlers/v1/search.go:208.4,219.95 5 3
digital.vasic.lava.apigo/internal/handlers/v1/search.go:219.95,221.5 1 0
digital.vasic.lava.apigo/internal/handlers/v1/search.go:224.3,231.94 3 3
digital.vasic.lava.apigo/internal/handlers/v1/search.go:231.94,233.4 1 0
digital.vasic.lava.apigo/internal/handlers/v1/search.go:234.3,234.15 1 3
digital.vasic.lava.apigo/internal/handlers/v1/search.go:238.45,239.15 1 3
digital.vasic.lava.apigo/internal/handlers/v1/search.go:239.15,241.3 1 1
digital.vasic.lava.apigo/internal/handlers/v1/search.go:242.2,244.26 3 2
digital.vasic.lava.apigo/internal/handlers/v1/search.go:244.26,246.14 2 3
digital.vasic.lava.apigo/internal/handlers/v1/search.go:246.14,248.4 1 3
digital.vasic.lava.apigo/internal/handlers/v1/search.go:250.2,250.15 1 2
digital.vasic.lava.apigo/internal/handlers/v1/topic.go:23.48,25.2 1 12
digital.vasic.lava.apigo/internal/handlers/v1/topic.go:27.49,34.47 6 1
digital.vasic.lava.apigo/internal/handlers/v1/topic.go:34.47,35.50 1 0
digital.vasic.lava.apigo/internal/handlers/v1/topic.go:35.50,37.4 1 0
digital.vasic.lava.apigo/internal/handlers/v1/topic.go:40.2,42.110 2 1
digital.vasic.lava.apigo/internal/handlers/v1/topic.go:42.110,45.3 2 0
digital.vasic.lava.apigo/internal/handlers/v1/topic.go:47.2,48.16 2 1
digital.vasic.lava.apigo/internal/handlers/v1/topic.go:48.16,51.3 2 0
digital.vasic.lava.apigo/internal/handlers/v1/topic.go:52.2,53.16 2 1
digital.vasic.lava.apigo/internal/handlers/v1/topic.go:53.16,56.3 2 0
digital.vasic.lava.apigo/internal/handlers/v1/topic.go:57.2,58.49 2 1
digital.vasic.lava.apigo/internal/handlers/v1/torrent.go:23.52,25.2 1 12
digital.vasic.lava.apigo/internal/handlers/v1/torrent.go:27.53,35.110 6 0
digital.vasic.lava.apigo/internal/handlers/v1/torrent.go:35.110,38.3 2 0
digital.vasic.lava.apigo/internal/handlers/v1/torrent.go:40.2,41.16 2 0
digital.vasic.lava.apigo/internal/handlers/v1/torrent.go:41.16,44.3 2 0
digital.vasic.lava.apigo/internal/handlers/v1/torrent.go:45.2,46.16 2 0
digital.vasic.lava.apigo/internal/handlers/v1/torrent.go:46.16,49.3 2 0
digital.vasic.lava.apigo/internal/handlers/v1/torrent.go:50.2,51.49 2 0
digital.vasic.lava.apigo/internal/handlers/v1/torrent.go:54.54,60.16 5 0
digital.vasic.lava.apigo/internal/handlers/v1/torrent.go:60.16,63.3 2 0
digital.vasic.lava.apigo/internal/handlers/v1/torrent.go:64.2,64.56 1 0
digital.vasic.lava.apigo/internal/kinozal/browse.go:13.122,16.14 3 0
digital.vasic.lava.apigo/internal/kinozal/browse.go:16.14,18.3 1 0
digital.vasic.lava.apigo/internal/kinozal/browse.go:19.2,21.16 3 0
digital.vasic.lava.apigo/internal/kinozal/browse.go:21.16,23.3 1 0
digital.vasic.lava.apigo/internal/kinozal/browse.go:24.2,24.19 1 0
digital.vasic.lava.apigo/internal/kinozal/browse.go:24.19,26.3 1 0
digital.vasic.lava.apigo/internal/kinozal/browse.go:27.2,28.16 2 0
digital.vasic.lava.apigo/internal/kinozal/browse.go:28.16,30.3 1 0
digital.vasic.lava.apigo/internal/kinozal/browse.go:31.2,35.8 1 0
digital.vasic.lava.apigo/internal/kinozal/client.go:25.59,29.14 4 5
digital.vasic.lava.apigo/internal/kinozal/client.go:29.14,31.3 1 0
digital.vasic.lava.apigo/internal/kinozal/client.go:32.2,33.16 2 5
digital.vasic.lava.apigo/internal/kinozal/client.go:33.16,35.3 1 0
digital.vasic.lava.apigo/internal/kinozal/client.go:36.2,36.19 1 5
digital.vasic.lava.apigo/internal/kinozal/client.go:36.19,38.3 1 0
digital.vasic.lava.apigo/internal/kinozal/client.go:39.2,40.16 2 5
digital.vasic.lava.apigo/internal/kinozal/client.go:40.16,42.3 1 0
digital.vasic.lava.apigo/internal/kinozal/client.go:43.2,43.22 1 5
digital.vasic.lava.apigo/internal/kinozal/client.go:65.37,70.70 1 7
digital.vasic.lava.apigo/internal/kinozal/client.go:70.70,72.5 1 0
digital.vasic.lava.apigo/internal/kinozal/client.go:83.87,86.40 3 4
digital.vasic.lava.apigo/internal/kinozal/client.go:86.40,88.17 2 4
digital.vasic.lava.apigo/internal/kinozal/client.go:88.17,90.4 1 0
digital.vasic.lava.apigo/internal/kinozal/client.go:91.3,91.19 1 4
digital.vasic.lava.apigo/internal/kinozal/client.go:91.19,93.4 1 0
digital.vasic.lava.apigo/internal/kinozal/client.go:94.3,95.17 2 4
digital.vasic.lava.apigo/internal/kinozal/client.go:95.17,97.4 1 1
digital.vasic.lava.apigo/internal/kinozal/client.go:98.3,100.17 3 3
digital.vasic.lava.apigo/internal/kinozal/client.go:100.17,102.4 1 0
digital.vasic.lava.apigo/internal/kinozal/client.go:103.3,105.29 3 3
digital.vasic.lava.apigo/internal/kinozal/client.go:105.29,107.4 1 0
digital.vasic.lava.apigo/internal/kinozal/client.go:108.3,108.13 1 3
digital.vasic.lava.apigo/internal/kinozal/client.go:110.2,110.16 1 4
digital.vasic.lava.apigo/internal/kinozal/client.go:110.16,112.3 1 1
digital.vasic.lava.apigo/internal/kinozal/client.go:113.2,113.26 1 3
digital.vasic.lava.apigo/internal/kinozal/client.go:117.111,121.40 4 0
digital.vasic.lava.apigo/internal/kinozal/client.go:121.40,123.17 2 0
digital.vasic.lava.apigo/internal/kinozal/client.go:123.17,125.4 1 0
digital.vasic.lava.apigo/internal/kinozal/client.go:126.3,126.19 1 0
digital.vasic.lava.apigo/internal/kinozal/client.go:126.19,128.4 1 0
digital.vasic.lava.apigo/internal/kinozal/client.go:129.3,130.17 2 0
digital.vasic.lava.apigo/internal/kinozal/client.go:130.17,132.4 1 0
digital.vasic.lava.apigo/internal/kinozal/client.go:133.3,135.17 3 0
digital.vasic.lava.apigo/internal/kinozal/client.go:135.17,137.4 1 0
digital.vasic.lava.apigo/internal/kinozal/client.go:138.3,141.29 4 0
digital.vasic.lava.apigo/internal/kinozal/client.go:141.29,143.4 1 0
digital.vasic.lava.apigo/internal/kinozal/client.go:144.3,144.13 1 0
digital.vasic.lava.apigo/internal/kinozal/client.go:146.2,146.16 1 0
digital.vasic.lava.apigo/internal/kinozal/client.go:146.16,148.3 1 0
digital.vasic.lava.apigo/internal/kinozal/client.go:149.2,149.35 1 0
digital.vasic.lava.apigo/internal/kinozal/client.go:153.127,158.40 5 2
digital.vasic.lava.apigo/internal/kinozal/client.go:158.40,160.17 2 2
digital.vasic.lava.apigo/internal/kinozal/client.go:160.17,162.4 1 0
digital.vasic.lava.apigo/internal/kinozal/client.go:163.3,164.19 2 2
digital.vasic.lava.apigo/internal/kinozal/client.go:164.19,166.4 1 0
digital.vasic.lava.apigo/internal/kinozal/client.go:167.3,168.17 2 2
digital.vasic.lava.apigo/internal/kinozal/client.go:168.17,170.4 1 0
digital.vasic.lava.apigo/internal/kinozal/client.go:171.3,173.17 3 2
digital.vasic.lava.apigo/internal/kinozal/client.go:173.17,175.4 1 0
digital.vasic.lava.apigo/internal/kinozal/client.go:176.3,179.29 4 2
digital.vasic.lava.apigo/internal/kinozal/client.go:179.29,181.4 1 0
digital.vasic.lava.apigo/internal/kinozal/client.go:182.3,182.13 1 2
digital.vasic.lava.apigo/internal/kinozal/client.go:184.2,184.16 1 2
digital.vasic.lava.apigo/internal/kinozal/client.go:184.16,186.3 1 0
digital.vasic.lava.apigo/internal/kinozal/client.go:187.2,187.35 1 2
digital.vasic.lava.apigo/internal/kinozal/login.go:15.51,17.49 2 2
digital.vasic.lava.apigo/internal/kinozal/login.go:17.49,18.66 1 2
digital.vasic.lava.apigo/internal/kinozal/login.go:18.66,21.4 2 2
digital.vasic.lava.apigo/internal/kinozal/login.go:23.2,23.21 1 2
digital.vasic.lava.apigo/internal/kinozal/login.go:23.21,25.3 1 1
digital.vasic.lava.apigo/internal/kinozal/login.go:26.2,26.34 1 1
digital.vasic.lava.apigo/internal/kinozal/login.go:31.103,38.16 6 2
digital.vasic.lava.apigo/internal/kinozal/login.go:38.16,40.3 1 0
digital.vasic.lava.apigo/internal/kinozal/login.go:41.2,41.19 1 2
digital.vasic.lava.apigo/internal/kinozal/login.go:41.19,43.3 1 0
digital.vasic.lava.apigo/internal/kinozal/login.go:45.2,46.17 2 2
digital.vasic.lava.apigo/internal/kinozal/login.go:46.17,51.3 1 1
digital.vasic.lava.apigo/internal/kinozal/login.go:53.2,55.43 1 1
digital.vasic.lava.apigo/internal/kinozal/login.go:55.43,57.3 1 1
digital.vasic.lava.apigo/internal/kinozal/login.go:59.2,59.23 1 0
digital.vasic.lava.apigo/internal/kinozal/login.go:65.78,66.18 1 0
digital.vasic.lava.apigo/internal/kinozal/login.go:66.18,68.3 1 0
digital.vasic.lava.apigo/internal/kinozal/login.go:69.2,70.16 2 0
digital.vasic.lava.apigo/internal/kinozal/login.go:70.16,72.3 1 0
digital.vasic.lava.apigo/internal/kinozal/login.go:73.2,73.19 1 0
digital.vasic.lava.apigo/internal/kinozal/login.go:73.19,75.3 1 0
digital.vasic.lava.apigo/internal/kinozal/login.go:76.2,76.18 1 0
digital.vasic.lava.apigo/internal/kinozal/provider.go:20.58,22.2 1 2
digital.vasic.lava.apigo/internal/kinozal/provider.go:25.39,25.59 1 1
digital.vasic.lava.apigo/internal/kinozal/provider.go:28.48,28.71 1 1
digital.vasic.lava.apigo/internal/kinozal/provider.go:31.72,40.2 1 1
digital.vasic.lava.apigo/internal/kinozal/provider.go:43.56,43.89 1 1
digital.vasic.lava.apigo/internal/kinozal/provider.go:46.45,46.70 1 1
digital.vasic.lava.apigo/internal/kinozal/provider.go:51.140,54.16 3 0
digital.vasic.lava.apigo/internal/kinozal/provider.go:54.16,56.3 1 0
digital.vasic.lava.apigo/internal/kinozal/provider.go:57.2,57.20 1 0
digital.vasic.lava.apigo/internal/kinozal/provider.go:61.143,64.16 3 0
digital.vasic.lava.apigo/internal/kinozal/provider.go:64.16,66.3 1 0
digital.vasic.lava.apigo/internal/kinozal/provider.go:67.2,67.20 1 0
digital.vasic.lava.apigo/internal/kinozal/provider.go:71.117,76.2 1 0
digital.vasic.lava.apigo/internal/kinozal/provider.go:79.136,82.16 3 0
digital.vasic.lava.apigo/internal/kinozal/provider.go:82.16,84.3 1 0
digital.vasic.lava.apigo/internal/kinozal/provider.go:85.2,85.20 1 0
digital.vasic.lava.apigo/internal/kinozal/provider.go:89.130,91.16 2 0
digital.vasic.lava.apigo/internal/kinozal/provider.go:91.16,93.3 1 0
digital.vasic.lava.apigo/internal/kinozal/provider.go:94.2,100.8 1 0
digital.vasic.lava.apigo/internal/kinozal/provider.go:104.131,108.16 4 0
digital.vasic.lava.apigo/internal/kinozal/provider.go:108.16,110.3 1 0
digital.vasic.lava.apigo/internal/kinozal/provider.go:111.2,111.19 1 0
digital.vasic.lava.apigo/internal/kinozal/provider.go:111.19,113.3 1 0
digital.vasic.lava.apigo/internal/kinozal/provider.go:114.2,115.20 2 0
digital.vasic.lava.apigo/internal/kinozal/provider.go:115.20,117.3 1 0
digital.vasic.lava.apigo/internal/kinozal/provider.go:118.2,119.14 2 0
digital.vasic.lava.apigo/internal/kinozal/provider.go:119.14,121.3 1 0
digital.vasic.lava.apigo/internal/kinozal/provider.go:122.2,128.8 1 0
digital.vasic.lava.apigo/internal/kinozal/provider.go:135.142,142.2 1 0
digital.vasic.lava.apigo/internal/kinozal/provider.go:145.120,147.2 1 0
digital.vasic.lava.apigo/internal/kinozal/provider.go:150.123,152.2 1 0
digital.vasic.lava.apigo/internal/kinozal/provider.go:155.112,157.2 1 0
digital.vasic.lava.apigo/internal/kinozal/provider.go:160.115,162.2 1 0
digital.vasic.lava.apigo/internal/kinozal/provider.go:167.99,170.16 3 0
digital.vasic.lava.apigo/internal/kinozal/provider.go:170.16,172.3 1 0
digital.vasic.lava.apigo/internal/kinozal/provider.go:173.2,173.16 1 0
digital.vasic.lava.apigo/internal/kinozal/provider.go:177.110,179.16 2 0
digital.vasic.lava.apigo/internal/kinozal/provider.go:179.16,181.3 1 0
digital.vasic.lava.apigo/internal/kinozal/provider.go:182.2,182.20 1 0
digital.vasic.lava.apigo/internal/kinozal/provider.go:186.106,188.2 1 0
digital.vasic.lava.apigo/internal/kinozal/provider.go:193.92,195.16 2 1
digital.vasic.lava.apigo/internal/kinozal/provider.go:195.16,199.3 1 1
digital.vasic.lava.apigo/internal/kinozal/provider.go:200.2,200.51 1 0
digital.vasic.lava.apigo/internal/kinozal/provider.go:205.53,206.27 1 0
digital.vasic.lava.apigo/internal/kinozal/provider.go:206.27,208.3 1 0
digital.vasic.lava.apigo/internal/kinozal/provider.go:209.2,209.11 1 0
digital.vasic.lava.apigo/internal/kinozal/provider.go:212.32,213.9 1 0
digital.vasic.lava.apigo/internal/kinozal/provider.go:214.38,215.33 1 0
digital.vasic.lava.apigo/internal/kinozal/provider.go:216.39,217.34 1 0
digital.vasic.lava.apigo/internal/kinozal/provider.go:218.33,219.28 1 0
digital.vasic.lava.apigo/internal/kinozal/provider.go:220.10,221.13 1 0
digital.vasic.lava.apigo/internal/kinozal/provider.go:225.51,228.12 3 0
digital.vasic.lava.apigo/internal/kinozal/provider.go:228.12,231.39 3 0
digital.vasic.lava.apigo/internal/kinozal/provider.go:231.39,233.4 1 0
digital.vasic.lava.apigo/internal/kinozal/provider.go:234.3,234.23 1 0
digital.vasic.lava.apigo/internal/kinozal/provider.go:236.2,236.11 1 0
digital.vasic.lava.apigo/internal/kinozal/search.go:18.67,20.16 2 2
digital.vasic.lava.apigo/internal/kinozal/search.go:20.16,22.3 1 0
digital.vasic.lava.apigo/internal/kinozal/search.go:24.2,25.73 2 2
digital.vasic.lava.apigo/internal/kinozal/search.go:25.73,27.34 1 2
digital.vasic.lava.apigo/internal/kinozal/search.go:27.34,29.4 1 0
digital.vasic.lava.apigo/internal/kinozal/search.go:30.3,32.18 3 2
digital.vasic.lava.apigo/internal/kinozal/search.go:32.18,34.4 1 0
digital.vasic.lava.apigo/internal/kinozal/search.go:35.3,37.15 3 2
digital.vasic.lava.apigo/internal/kinozal/search.go:37.15,39.4 1 0
digital.vasic.lava.apigo/internal/kinozal/search.go:41.3,43.65 3 2
digital.vasic.lava.apigo/internal/kinozal/search.go:43.65,45.11 2 6
digital.vasic.lava.apigo/internal/kinozal/search.go:46.117,47.16 1 2
digital.vasic.lava.apigo/internal/kinozal/search.go:48.39,49.39 1 2
digital.vasic.lava.apigo/internal/kinozal/search.go:50.39,51.40 1 2
digital.vasic.lava.apigo/internal/kinozal/search.go:55.3,64.5 2 2
digital.vasic.lava.apigo/internal/kinozal/search.go:67.2,73.8 2 2
digital.vasic.lava.apigo/internal/kinozal/search.go:77.117,80.14 3 1
digital.vasic.lava.apigo/internal/kinozal/search.go:80.14,82.3 1 0
digital.vasic.lava.apigo/internal/kinozal/search.go:83.2,85.16 3 1
digital.vasic.lava.apigo/internal/kinozal/search.go:85.16,87.3 1 0
digital.vasic.lava.apigo/internal/kinozal/search.go:88.2,88.19 1 1
digital.vasic.lava.apigo/internal/kinozal/search.go:88.19,90.3 1 0
digital.vasic.lava.apigo/internal/kinozal/search.go:91.2,92.16 2 1
digital.vasic.lava.apigo/internal/kinozal/search.go:92.16,94.3 1 0
digital.vasic.lava.apigo/internal/kinozal/search.go:95.2,96.20 2 1
digital.vasic.lava.apigo/internal/kinozal/search.go:99.44,101.16 2 2
digital.vasic.lava.apigo/internal/kinozal/search.go:101.16,105.3 1 0
digital.vasic.lava.apigo/internal/kinozal/search.go:106.2,106.28 1 2
digital.vasic.lava.apigo/internal/kinozal/search.go:109.39,111.21 2 4
digital.vasic.lava.apigo/internal/kinozal/search.go:111.21,113.3 1 0
digital.vasic.lava.apigo/internal/kinozal/search.go:114.2,115.10 2 4
digital.vasic.lava.apigo/internal/kinozal/search.go:118.49,120.61 2 2
digital.vasic.lava.apigo/internal/kinozal/search.go:120.61,123.17 3 8
digital.vasic.lava.apigo/internal/kinozal/search.go:123.17,128.4 1 0
digital.vasic.lava.apigo/internal/kinozal/search.go:129.3,129.30 1 8
digital.vasic.lava.apigo/internal/kinozal/search.go:129.30,130.43 1 4
digital.vasic.lava.apigo/internal/kinozal/search.go:130.43,131.61 1 4
digital.vasic.lava.apigo/internal/kinozal/search.go:131.61,133.6 1 4
digital.vasic.lava.apigo/internal/kinozal/search.go:137.2,137.18 1 2
digital.vasic.lava.apigo/internal/kinozal/search.go:137.18,139.3 1 0
digital.vasic.lava.apigo/internal/kinozal/search.go:140.2,140.20 1 2
digital.vasic.lava.apigo/internal/kinozal/topic.go:16.65,18.16 2 2
digital.vasic.lava.apigo/internal/kinozal/topic.go:18.16,20.3 1 0
digital.vasic.lava.apigo/internal/kinozal/topic.go:22.2,23.17 2 2
digital.vasic.lava.apigo/internal/kinozal/topic.go:23.17,25.3 1 0
digital.vasic.lava.apigo/internal/kinozal/topic.go:27.2,28.22 2 2
digital.vasic.lava.apigo/internal/kinozal/topic.go:28.22,30.3 1 0
digital.vasic.lava.apigo/internal/kinozal/topic.go:32.2,35.82 3 2
digital.vasic.lava.apigo/internal/kinozal/topic.go:35.82,36.15 1 0
digital.vasic.lava.apigo/internal/kinozal/topic.go:36.15,38.4 1 0
digital.vasic.lava.apigo/internal/kinozal/topic.go:39.3,41.17 3 0
digital.vasic.lava.apigo/internal/kinozal/topic.go:41.17,47.4 1 0
digital.vasic.lava.apigo/internal/kinozal/topic.go:48.3,48.27 1 0
digital.vasic.lava.apigo/internal/kinozal/topic.go:51.2,57.8 1 2
digital.vasic.lava.apigo/internal/kinozal/topic.go:61.105,64.16 3 1
digital.vasic.lava.apigo/internal/kinozal/topic.go:64.16,66.3 1 0
digital.vasic.lava.apigo/internal/kinozal/topic.go:67.2,67.19 1 1
digital.vasic.lava.apigo/internal/kinozal/topic.go:67.19,69.3 1 0
digital.vasic.lava.apigo/internal/kinozal/topic.go:70.2,71.16 2 1
digital.vasic.lava.apigo/internal/kinozal/topic.go:71.16,73.3 1 0
digital.vasic.lava.apigo/internal/kinozal/topic.go:74.2,75.20 2 1
digital.vasic.lava.apigo/internal/middleware/firebase.go:43.64,44.19 1 6
digital.vasic.lava.apigo/internal/middleware/firebase.go:44.19,46.3 1 1
digital.vasic.lava.apigo/internal/middleware/firebase.go:47.2,47.30 1 6
digital.vasic.lava.apigo/internal/middleware/firebase.go:47.30,49.16 2 6
digital.vasic.lava.apigo/internal/middleware/firebase.go:49.16,50.32 1 6
digital.vasic.lava.apigo/internal/middleware/firebase.go:50.32,52.12 2 0
digital.vasic.lava.apigo/internal/middleware/firebase.go:52.12,54.6 1 0
digital.vasic.lava.apigo/internal/middleware/firebase.go:55.5,62.13 2 0
digital.vasic.lava.apigo/internal/middleware/firebase.go:66.3,76.10 4 6
digital.vasic.lava.apigo/internal/middleware/firebase.go:77.49,79.20 2 3
digital.vasic.lava.apigo/internal/middleware/firebase.go:79.20,81.5 1 2
digital.vasic.lava.apigo/internal/middleware/firebase.go:82.4,82.65 1 3
digital.vasic.lava.apigo/internal/middleware/firebase.go:83.40,84.68 1 1
digital.vasic.lava.apigo/internal/middleware/firebase.go:85.11,86.68 1 2
digital.vasic.lava.apigo/internal/middleware/firebase.go:93.42,94.25 1 3
digital.vasic.lava.apigo/internal/middleware/firebase.go:94.25,95.31 1 1
digital.vasic.lava.apigo/internal/middleware/firebase.go:95.31,96.12 1 0
digital.vasic.lava.apigo/internal/middleware/firebase.go:98.3,98.15 1 1
digital.vasic.lava.apigo/internal/middleware/firebase.go:100.2,100.12 1 2
digital.vasic.lava.apigo/internal/middleware/firebase.go:105.97,106.12 1 0
digital.vasic.lava.apigo/internal/middleware/firebase.go:106.12,107.25 1 0
digital.vasic.lava.apigo/internal/middleware/firebase.go:107.26,107.27 0 0
digital.vasic.lava.apigo/internal/middleware/firebase.go:109.2,109.39 1 0
digital.vasic.lava.apigo/internal/middleware/firebase.go:115.39,116.16 1 0
digital.vasic.lava.apigo/internal/middleware/firebase.go:116.16,118.3 1 0
digital.vasic.lava.apigo/internal/middleware/firebase.go:119.2,119.38 1 0
digital.vasic.lava.apigo/internal/middleware/firebase.go:119.38,121.3 1 0
digital.vasic.lava.apigo/internal/middleware/firebase.go:122.2,122.58 1 0
digital.vasic.lava.apigo/internal/middleware/provider.go:36.106,37.30 1 0
digital.vasic.lava.apigo/internal/middleware/provider.go:37.30,40.17 3 0
digital.vasic.lava.apigo/internal/middleware/provider.go:40.17,46.4 2 0
digital.vasic.lava.apigo/internal/middleware/provider.go:48.3,48.29 1 0
digital.vasic.lava.apigo/internal/middleware/provider.go:48.29,56.4 2 0
digital.vasic.lava.apigo/internal/middleware/provider.go:58.3,59.11 2 0
digital.vasic.lava.apigo/internal/middleware/provider.go:65.48,67.9 2 0
digital.vasic.lava.apigo/internal/middleware/provider.go:67.9,68.61 1 0
digital.vasic.lava.apigo/internal/middleware/provider.go:70.2,70.32 1 0
digital.vasic.lava.apigo/internal/middleware/provider.go:74.39,76.2 1 0
digital.vasic.lava.apigo/internal/middleware/provider.go:81.108,82.30 1 0
digital.vasic.lava.apigo/internal/middleware/provider.go:82.30,84.40 2 0
digital.vasic.lava.apigo/internal/middleware/provider.go:84.40,90.4 2 0
digital.vasic.lava.apigo/internal/middleware/provider.go:91.3,91.29 1 0
digital.vasic.lava.apigo/internal/middleware/provider.go:91.29,98.4 2 0
digital.vasic.lava.apigo/internal/middleware/provider.go:99.3,99.11 1 0
digital.vasic.lava.apigo/internal/mobile/mobile.go:174.86,183.2 8 10
digital.vasic.lava.apigo/internal/mobile/mobile.go:198.37,202.20 3 17
digital.vasic.lava.apigo/internal/mobile/mobile.go:202.20,204.3 1 1
digital.vasic.lava.apigo/internal/mobile/mobile.go:206.2,207.64 2 16
digital.vasic.lava.apigo/internal/mobile/mobile.go:207.64,209.3 1 0
digital.vasic.lava.apigo/internal/mobile/mobile.go:210.2,210.23 1 16
digital.vasic.lava.apigo/internal/mobile/mobile.go:210.23,212.3 1 0
digital.vasic.lava.apigo/internal/mobile/mobile.go:217.2,217.37 1 16
digital.vasic.lava.apigo/internal/mobile/mobile.go:217.37,219.3 1 1
digital.vasic.lava.apigo/internal/mobile/mobile.go:220.2,220.18 1 15
digital.vasic.lava.apigo/internal/mobile/mobile.go:220.18,222.3 1 0
digital.vasic.lava.apigo/internal/mobile/mobile.go:223.2,223.36 1 15
digital.vasic.lava.apigo/internal/mobile/mobile.go:223.36,225.3 1 0
digital.vasic.lava.apigo/internal/mobile/mobile.go:226.2,226.25 1 15
digital.vasic.lava.apigo/internal/mobile/mobile.go:226.25,228.3 1 0
digital.vasic.lava.apigo/internal/mobile/mobile.go:230.2,231.25 2 15
digital.vasic.lava.apigo/internal/mobile/mobile.go:231.25,233.3 1 1
digital.vasic.lava.apigo/internal/mobile/mobile.go:240.2,241.19 2 15
digital.vasic.lava.apigo/internal/mobile/mobile.go:241.19,243.20 2 1
digital.vasic.lava.apigo/internal/mobile/mobile.go:243.20,245.4 1 0
digital.vasic.lava.apigo/internal/mobile/mobile.go:246.3,246.22 1 1
digital.vasic.lava.apigo/internal/mobile/mobile.go:261.2,262.16 2 15
digital.vasic.lava.apigo/internal/mobile/mobile.go:262.16,264.3 1 0
digital.vasic.lava.apigo/internal/mobile/mobile.go:265.2,270.16 5 15
digital.vasic.lava.apigo/internal/mobile/mobile.go:270.16,272.3 1 0
digital.vasic.lava.apigo/internal/mobile/mobile.go:274.2,286.16 5 15
digital.vasic.lava.apigo/internal/mobile/mobile.go:286.16,289.3 2 0
digital.vasic.lava.apigo/internal/mobile/mobile.go:291.2,293.16 3 15
digital.vasic.lava.apigo/internal/mobile/mobile.go:293.16,296.3 2 0
digital.vasic.lava.apigo/internal/mobile/mobile.go:297.2,304.12 3 15
digital.vasic.lava.apigo/internal/mobile/mobile.go:304.12,308.3 1 15
digital.vasic.lava.apigo/internal/mobile/mobile.go:314.2,323.12 2 15
digital.vasic.lava.apigo/internal/mobile/mobile.go:330.19,334.20 3 19
digital.vasic.lava.apigo/internal/mobile/mobile.go:334.20,336.3 1 4
digital.vasic.lava.apigo/internal/mobile/mobile.go:338.2,345.24 6 15
digital.vasic.lava.apigo/internal/mobile/mobile.go:345.24,347.3 1 0
digital.vasic.lava.apigo/internal/mobile/mobile.go:348.2,348.21 1 15
digital.vasic.lava.apigo/internal/mobile/mobile.go:348.21,350.3 1 0
digital.vasic.lava.apigo/internal/mobile/mobile.go:351.2,351.12 1 15
digital.vasic.lava.apigo/internal/mobile/mobile.go:357.22,387.20 5 5
digital.vasic.lava.apigo/internal/mobile/mobile.go:387.20,395.3 7 4
digital.vasic.lava.apigo/internal/mobile/mobile.go:397.2,398.16 2 5
digital.vasic.lava.apigo/internal/mobile/mobile.go:398.16,400.3 1 0
digital.vasic.lava.apigo/internal/mobile/mobile.go:401.2,401.18 1 5
digital.vasic.lava.apigo/internal/mobile/mobile.go:418.109,433.2 3 15
digital.vasic.lava.apigo/internal/mobile/mobile.go:439.40,441.43 2 1
digital.vasic.lava.apigo/internal/mobile/mobile.go:441.43,443.3 1 0
digital.vasic.lava.apigo/internal/mobile/mobile.go:444.2,444.53 1 1
digital.vasic.lava.apigo/internal/mobile/mobile.go:456.77,458.16 2 15
digital.vasic.lava.apigo/internal/mobile/mobile.go:458.16,460.3 1 0
digital.vasic.lava.apigo/internal/mobile/mobile.go:461.2,461.20 1 15
digital.vasic.lava.apigo/internal/mobile/mobile.go:461.20,463.3 1 0
digital.vasic.lava.apigo/internal/mobile/mobile.go:465.2,466.45 2 15
digital.vasic.lava.apigo/internal/mobile/mobile.go:466.45,468.3 1 0
digital.vasic.lava.apigo/internal/mobile/mobile.go:470.2,474.22 4 15
digital.vasic.lava.apigo/internal/mobile/mobile.go:474.22,476.3 1 240
digital.vasic.lava.apigo/internal/mobile/mobile.go:478.2,493.8 1 15
digital.vasic.lava.apigo/internal/mobile/mobile.go:500.44,509.2 1 15
digital.vasic.lava.apigo/internal/mobile/mobile.go:514.71,515.71 1 15
digital.vasic.lava.apigo/internal/mobile/mobile.go:515.71,518.3 2 11
digital.vasic.lava.apigo/internal/mobile/tls.go:44.79,50.69 4 15
digital.vasic.lava.apigo/internal/mobile/tls.go:50.69,52.3 1 2
digital.vasic.lava.apigo/internal/mobile/tls.go:54.2,55.16 2 13
digital.vasic.lava.apigo/internal/mobile/tls.go:55.16,57.3 1 0
digital.vasic.lava.apigo/internal/mobile/tls.go:60.2,60.63 1 13
digital.vasic.lava.apigo/internal/mobile/tls.go:60.63,62.3 1 0
digital.vasic.lava.apigo/internal/mobile/tls.go:63.2,63.61 1 13
digital.vasic.lava.apigo/internal/mobile/tls.go:63.61,65.3 1 0
digital.vasic.lava.apigo/internal/mobile/tls.go:66.2,66.33 1 13
digital.vasic.lava.apigo/internal/mobile/tls.go:69.54,75.2 1 15
digital.vasic.lava.apigo/internal/mobile/tls.go:81.83,83.16 2 13
digital.vasic.lava.apigo/internal/mobile/tls.go:83.16,85.3 1 0
digital.vasic.lava.apigo/internal/mobile/tls.go:87.2,88.16 2 13
digital.vasic.lava.apigo/internal/mobile/tls.go:88.16,90.3 1 0
digital.vasic.lava.apigo/internal/mobile/tls.go:92.2,112.16 4 13
digital.vasic.lava.apigo/internal/mobile/tls.go:112.16,114.3 1 0
digital.vasic.lava.apigo/internal/mobile/tls.go:116.2,118.16 3 13
digital.vasic.lava.apigo/internal/mobile/tls.go:118.16,120.3 1 0
digital.vasic.lava.apigo/internal/mobile/tls.go:121.2,124.16 3 13
digital.vasic.lava.apigo/internal/mobile/tls.go:124.16,126.3 1 0
digital.vasic.lava.apigo/internal/mobile/tls.go:127.2,127.35 1 13
digital.vasic.lava.apigo/internal/mobile/tls.go:134.26,137.16 3 15
digital.vasic.lava.apigo/internal/mobile/tls.go:137.16,139.3 1 0
digital.vasic.lava.apigo/internal/mobile/tls.go:140.2,140.26 1 15
digital.vasic.lava.apigo/internal/mobile/tls.go:140.26,142.24 2 195
digital.vasic.lava.apigo/internal/mobile/tls.go:143.19,144.13 1 195
digital.vasic.lava.apigo/internal/mobile/tls.go:145.20,146.13 1 0
digital.vasic.lava.apigo/internal/mobile/tls.go:148.3,148.91 1 195
digital.vasic.lava.apigo/internal/mobile/tls.go:148.91,149.12 1 165
digital.vasic.lava.apigo/internal/mobile/tls.go:151.3,151.24 1 30
digital.vasic.lava.apigo/internal/mobile/tls.go:153.2,153.12 1 15
digital.vasic.lava.apigo/internal/nnmclub/browse.go:19.77,21.16 2 3
digital.vasic.lava.apigo/internal/nnmclub/browse.go:21.16,23.3 1 0
digital.vasic.lava.apigo/internal/nnmclub/browse.go:25.2,26.74 2 3
digital.vasic.lava.apigo/internal/nnmclub/browse.go:26.74,27.34 1 6
digital.vasic.lava.apigo/internal/nnmclub/browse.go:27.34,29.4 1 3
digital.vasic.lava.apigo/internal/nnmclub/browse.go:31.3,32.32 2 3
digital.vasic.lava.apigo/internal/nnmclub/browse.go:32.32,34.4 1 0
digital.vasic.lava.apigo/internal/nnmclub/browse.go:36.3,38.15 3 3
digital.vasic.lava.apigo/internal/nnmclub/browse.go:38.15,40.4 1 0
digital.vasic.lava.apigo/internal/nnmclub/browse.go:42.3,48.26 6 3
digital.vasic.lava.apigo/internal/nnmclub/browse.go:48.26,50.4 1 3
digital.vasic.lava.apigo/internal/nnmclub/browse.go:52.3,61.23 3 3
digital.vasic.lava.apigo/internal/nnmclub/browse.go:61.23,63.4 1 0
digital.vasic.lava.apigo/internal/nnmclub/browse.go:65.3,65.30 1 3
digital.vasic.lava.apigo/internal/nnmclub/browse.go:68.2,69.73 2 3
digital.vasic.lava.apigo/internal/nnmclub/browse.go:69.73,72.21 3 0
digital.vasic.lava.apigo/internal/nnmclub/browse.go:72.21,75.28 3 0
digital.vasic.lava.apigo/internal/nnmclub/browse.go:75.28,77.5 1 0
digital.vasic.lava.apigo/internal/nnmclub/browse.go:81.2,85.8 1 3
digital.vasic.lava.apigo/internal/nnmclub/browse.go:89.126,92.14 3 2
digital.vasic.lava.apigo/internal/nnmclub/browse.go:92.14,94.3 1 1
digital.vasic.lava.apigo/internal/nnmclub/browse.go:95.2,97.16 3 2
digital.vasic.lava.apigo/internal/nnmclub/browse.go:97.16,99.3 1 0
digital.vasic.lava.apigo/internal/nnmclub/browse.go:100.2,100.35 1 2
digital.vasic.lava.apigo/internal/nnmclub/browse.go:100.35,102.3 1 0
digital.vasic.lava.apigo/internal/nnmclub/browse.go:103.2,103.19 1 2
digital.vasic.lava.apigo/internal/nnmclub/browse.go:103.19,105.3 1 0
digital.vasic.lava.apigo/internal/nnmclub/browse.go:106.2,106.36 1 2
digital.vasic.lava.apigo/internal/nnmclub/client.go:22.59,26.14 4 10
digital.vasic.lava.apigo/internal/nnmclub/client.go:26.14,28.3 1 2
digital.vasic.lava.apigo/internal/nnmclub/client.go:29.2,30.16 2 8
digital.vasic.lava.apigo/internal/nnmclub/client.go:30.16,32.3 1 0
digital.vasic.lava.apigo/internal/nnmclub/client.go:33.2,33.19 1 8
digital.vasic.lava.apigo/internal/nnmclub/client.go:33.19,35.3 1 0
digital.vasic.lava.apigo/internal/nnmclub/client.go:36.2,37.16 2 8
digital.vasic.lava.apigo/internal/nnmclub/client.go:37.16,39.3 1 0
digital.vasic.lava.apigo/internal/nnmclub/client.go:40.2,40.22 1 8
digital.vasic.lava.apigo/internal/nnmclub/client.go:61.37,66.70 1 12
digital.vasic.lava.apigo/internal/nnmclub/client.go:66.70,68.5 1 0
digital.vasic.lava.apigo/internal/nnmclub/client.go:79.87,82.40 3 8
digital.vasic.lava.apigo/internal/nnmclub/client.go:82.40,84.17 2 8
digital.vasic.lava.apigo/internal/nnmclub/client.go:84.17,86.4 1 0
digital.vasic.lava.apigo/internal/nnmclub/client.go:87.3,87.19 1 8
digital.vasic.lava.apigo/internal/nnmclub/client.go:87.19,89.4 1 0
digital.vasic.lava.apigo/internal/nnmclub/client.go:90.3,91.17 2 8
digital.vasic.lava.apigo/internal/nnmclub/client.go:91.17,93.4 1 0
digital.vasic.lava.apigo/internal/nnmclub/client.go:94.3,94.16 1 8
digital.vasic.lava.apigo/internal/nnmclub/client.go:94.16,94.41 1 8
digital.vasic.lava.apigo/internal/nnmclub/client.go:95.3,96.17 2 8
digital.vasic.lava.apigo/internal/nnmclub/client.go:96.17,98.4 1 0
digital.vasic.lava.apigo/internal/nnmclub/client.go:99.3,101.29 3 8
digital.vasic.lava.apigo/internal/nnmclub/client.go:101.29,103.4 1 1
digital.vasic.lava.apigo/internal/nnmclub/client.go:104.3,104.13 1 7
digital.vasic.lava.apigo/internal/nnmclub/client.go:106.2,106.16 1 8
digital.vasic.lava.apigo/internal/nnmclub/client.go:106.16,108.3 1 1
digital.vasic.lava.apigo/internal/nnmclub/client.go:109.2,109.26 1 7
digital.vasic.lava.apigo/internal/nnmclub/client.go:113.111,117.40 4 0
digital.vasic.lava.apigo/internal/nnmclub/client.go:117.40,119.17 2 0
digital.vasic.lava.apigo/internal/nnmclub/client.go:119.17,121.4 1 0
digital.vasic.lava.apigo/internal/nnmclub/client.go:122.3,122.19 1 0
digital.vasic.lava.apigo/internal/nnmclub/client.go:122.19,124.4 1 0
digital.vasic.lava.apigo/internal/nnmclub/client.go:125.3,126.17 2 0
digital.vasic.lava.apigo/internal/nnmclub/client.go:126.17,128.4 1 0
digital.vasic.lava.apigo/internal/nnmclub/client.go:129.3,129.16 1 0
digital.vasic.lava.apigo/internal/nnmclub/client.go:129.16,129.41 1 0
digital.vasic.lava.apigo/internal/nnmclub/client.go:130.3,131.17 2 0
digital.vasic.lava.apigo/internal/nnmclub/client.go:131.17,133.4 1 0
digital.vasic.lava.apigo/internal/nnmclub/client.go:134.3,137.29 4 0
digital.vasic.lava.apigo/internal/nnmclub/client.go:137.29,139.4 1 0
digital.vasic.lava.apigo/internal/nnmclub/client.go:140.3,140.13 1 0
digital.vasic.lava.apigo/internal/nnmclub/client.go:142.2,142.16 1 0
digital.vasic.lava.apigo/internal/nnmclub/client.go:142.16,144.3 1 0
digital.vasic.lava.apigo/internal/nnmclub/client.go:145.2,145.35 1 0
digital.vasic.lava.apigo/internal/nnmclub/client.go:149.114,153.40 4 0
digital.vasic.lava.apigo/internal/nnmclub/client.go:153.40,155.17 2 0
digital.vasic.lava.apigo/internal/nnmclub/client.go:155.17,157.4 1 0
digital.vasic.lava.apigo/internal/nnmclub/client.go:158.3,159.19 2 0
digital.vasic.lava.apigo/internal/nnmclub/client.go:159.19,161.4 1 0
digital.vasic.lava.apigo/internal/nnmclub/client.go:162.3,163.17 2 0
digital.vasic.lava.apigo/internal/nnmclub/client.go:163.17,165.4 1 0
digital.vasic.lava.apigo/internal/nnmclub/client.go:166.3,166.16 1 0
digital.vasic.lava.apigo/internal/nnmclub/client.go:166.16,166.41 1 0
digital.vasic.lava.apigo/internal/nnmclub/client.go:167.3,168.17 2 0
digital.vasic.lava.apigo/internal/nnmclub/client.go:168.17,170.4 1 0
digital.vasic.lava.apigo/internal/nnmclub/client.go:171.3,173.29 3 0
digital.vasic.lava.apigo/internal/nnmclub/client.go:173.29,175.4 1 0
digital.vasic.lava.apigo/internal/nnmclub/client.go:176.3,176.13 1 0
digital.vasic.lava.apigo/internal/nnmclub/client.go:178.2,178.16 1 0
digital.vasic.lava.apigo/internal/nnmclub/client.go:178.16,180.3 1 0
digital.vasic.lava.apigo/internal/nnmclub/client.go:181.2,181.26 1 0
digital.vasic.lava.apigo/internal/nnmclub/client.go:185.138,190.40 5 2
digital.vasic.lava.apigo/internal/nnmclub/client.go:190.40,192.17 2 2
digital.vasic.lava.apigo/internal/nnmclub/client.go:192.17,194.4 1 0
digital.vasic.lava.apigo/internal/nnmclub/client.go:195.3,196.19 2 2
digital.vasic.lava.apigo/internal/nnmclub/client.go:196.19,198.4 1 0
digital.vasic.lava.apigo/internal/nnmclub/client.go:199.3,200.17 2 2
digital.vasic.lava.apigo/internal/nnmclub/client.go:200.17,202.4 1 0
digital.vasic.lava.apigo/internal/nnmclub/client.go:203.3,203.16 1 2
digital.vasic.lava.apigo/internal/nnmclub/client.go:203.16,203.41 1 2
digital.vasic.lava.apigo/internal/nnmclub/client.go:204.3,205.17 2 2
digital.vasic.lava.apigo/internal/nnmclub/client.go:205.17,207.4 1 0
digital.vasic.lava.apigo/internal/nnmclub/client.go:208.3,211.29 4 2
digital.vasic.lava.apigo/internal/nnmclub/client.go:211.29,213.4 1 0
digital.vasic.lava.apigo/internal/nnmclub/client.go:214.3,214.13 1 2
digital.vasic.lava.apigo/internal/nnmclub/client.go:216.2,216.16 1 2
digital.vasic.lava.apigo/internal/nnmclub/client.go:216.16,218.3 1 0
digital.vasic.lava.apigo/internal/nnmclub/client.go:219.2,219.35 1 2
digital.vasic.lava.apigo/internal/nnmclub/login.go:20.37,22.16 2 3
digital.vasic.lava.apigo/internal/nnmclub/login.go:22.16,29.3 1 0
digital.vasic.lava.apigo/internal/nnmclub/login.go:31.2,32.25 2 3
digital.vasic.lava.apigo/internal/nnmclub/login.go:32.25,34.3 1 1
digital.vasic.lava.apigo/internal/nnmclub/login.go:36.2,36.99 1 2
digital.vasic.lava.apigo/internal/nnmclub/login.go:36.99,38.3 1 0
digital.vasic.lava.apigo/internal/nnmclub/login.go:39.2,39.14 1 2
digital.vasic.lava.apigo/internal/nnmclub/login.go:44.101,51.16 6 2
digital.vasic.lava.apigo/internal/nnmclub/login.go:51.16,53.3 1 0
digital.vasic.lava.apigo/internal/nnmclub/login.go:54.2,54.19 1 2
digital.vasic.lava.apigo/internal/nnmclub/login.go:54.19,56.3 1 0
digital.vasic.lava.apigo/internal/nnmclub/login.go:59.2,60.49 2 2
digital.vasic.lava.apigo/internal/nnmclub/login.go:60.49,61.132 1 1
digital.vasic.lava.apigo/internal/nnmclub/login.go:61.132,63.22 2 1
digital.vasic.lava.apigo/internal/nnmclub/login.go:63.22,65.10 2 1
digital.vasic.lava.apigo/internal/nnmclub/login.go:71.2,71.46 1 2
digital.vasic.lava.apigo/internal/nnmclub/login.go:71.46,73.3 1 0
digital.vasic.lava.apigo/internal/nnmclub/login.go:75.2,75.24 1 2
digital.vasic.lava.apigo/internal/nnmclub/login.go:75.24,77.3 1 1
digital.vasic.lava.apigo/internal/nnmclub/login.go:79.2,82.8 1 1
digital.vasic.lava.apigo/internal/nnmclub/login.go:86.78,88.16 2 0
digital.vasic.lava.apigo/internal/nnmclub/login.go:88.16,90.3 1 0
digital.vasic.lava.apigo/internal/nnmclub/login.go:91.2,91.19 1 0
digital.vasic.lava.apigo/internal/nnmclub/login.go:91.19,93.3 1 0
digital.vasic.lava.apigo/internal/nnmclub/login.go:94.2,94.32 1 0
digital.vasic.lava.apigo/internal/nnmclub/provider.go:27.58,29.2 1 7
digital.vasic.lava.apigo/internal/nnmclub/provider.go:32.39,32.59 1 1
digital.vasic.lava.apigo/internal/nnmclub/provider.go:35.48,35.69 1 0
digital.vasic.lava.apigo/internal/nnmclub/provider.go:38.72,50.2 1 1
digital.vasic.lava.apigo/internal/nnmclub/provider.go:53.56,53.89 1 0
digital.vasic.lava.apigo/internal/nnmclub/provider.go:56.45,56.70 1 0
digital.vasic.lava.apigo/internal/nnmclub/provider.go:61.140,64.16 3 1
digital.vasic.lava.apigo/internal/nnmclub/provider.go:64.16,66.3 1 0
digital.vasic.lava.apigo/internal/nnmclub/provider.go:67.2,67.20 1 1
digital.vasic.lava.apigo/internal/nnmclub/provider.go:71.143,73.14 2 1
digital.vasic.lava.apigo/internal/nnmclub/provider.go:73.14,75.3 1 0
digital.vasic.lava.apigo/internal/nnmclub/provider.go:76.2,77.16 2 1
digital.vasic.lava.apigo/internal/nnmclub/provider.go:77.16,79.3 1 0
digital.vasic.lava.apigo/internal/nnmclub/provider.go:80.2,80.20 1 1
digital.vasic.lava.apigo/internal/nnmclub/provider.go:84.117,87.16 3 0
digital.vasic.lava.apigo/internal/nnmclub/provider.go:87.16,89.3 1 0
digital.vasic.lava.apigo/internal/nnmclub/provider.go:90.2,90.19 1 0
digital.vasic.lava.apigo/internal/nnmclub/provider.go:90.19,92.3 1 0
digital.vasic.lava.apigo/internal/nnmclub/provider.go:93.2,94.16 2 0
digital.vasic.lava.apigo/internal/nnmclub/provider.go:94.16,96.3 1 0
digital.vasic.lava.apigo/internal/nnmclub/provider.go:97.2,98.18 2 0
digital.vasic.lava.apigo/internal/nnmclub/provider.go:102.136,104.14 2 1
digital.vasic.lava.apigo/internal/nnmclub/provider.go:104.14,106.3 1 0
digital.vasic.lava.apigo/internal/nnmclub/provider.go:107.2,108.16 2 1
digital.vasic.lava.apigo/internal/nnmclub/provider.go:108.16,110.3 1 0
digital.vasic.lava.apigo/internal/nnmclub/provider.go:111.2,111.20 1 1
digital.vasic.lava.apigo/internal/nnmclub/provider.go:115.130,119.16 4 0
digital.vasic.lava.apigo/internal/nnmclub/provider.go:119.16,121.3 1 0
digital.vasic.lava.apigo/internal/nnmclub/provider.go:122.2,122.35 1 0
digital.vasic.lava.apigo/internal/nnmclub/provider.go:122.35,124.3 1 0
digital.vasic.lava.apigo/internal/nnmclub/provider.go:125.2,125.19 1 0
digital.vasic.lava.apigo/internal/nnmclub/provider.go:125.19,127.3 1 0
digital.vasic.lava.apigo/internal/nnmclub/provider.go:128.2,134.8 1 0
digital.vasic.lava.apigo/internal/nnmclub/provider.go:138.131,142.16 4 0
digital.vasic.lava.apigo/internal/nnmclub/provider.go:142.16,144.3 1 0
digital.vasic.lava.apigo/internal/nnmclub/provider.go:145.2,145.35 1 0
digital.vasic.lava.apigo/internal/nnmclub/provider.go:145.35,147.3 1 0
digital.vasic.lava.apigo/internal/nnmclub/provider.go:148.2,148.19 1 0
digital.vasic.lava.apigo/internal/nnmclub/provider.go:148.19,150.3 1 0
digital.vasic.lava.apigo/internal/nnmclub/provider.go:151.2,157.8 1 0
digital.vasic.lava.apigo/internal/nnmclub/provider.go:163.142,166.14 3 0
digital.vasic.lava.apigo/internal/nnmclub/provider.go:166.14,168.3 1 0
digital.vasic.lava.apigo/internal/nnmclub/provider.go:169.2,170.16 2 0
digital.vasic.lava.apigo/internal/nnmclub/provider.go:170.16,172.3 1 0
digital.vasic.lava.apigo/internal/nnmclub/provider.go:173.2,173.35 1 0
digital.vasic.lava.apigo/internal/nnmclub/provider.go:173.35,175.3 1 0
digital.vasic.lava.apigo/internal/nnmclub/provider.go:176.2,176.19 1 0
digital.vasic.lava.apigo/internal/nnmclub/provider.go:176.19,178.3 1 0
digital.vasic.lava.apigo/internal/nnmclub/provider.go:179.2,180.16 2 0
digital.vasic.lava.apigo/internal/nnmclub/provider.go:180.16,182.3 1 0
digital.vasic.lava.apigo/internal/nnmclub/provider.go:183.2,184.22 2 0
digital.vasic.lava.apigo/internal/nnmclub/provider.go:188.120,190.2 1 0
digital.vasic.lava.apigo/internal/nnmclub/provider.go:194.123,199.2 1 0
digital.vasic.lava.apigo/internal/nnmclub/provider.go:202.112,204.2 1 0
digital.vasic.lava.apigo/internal/nnmclub/provider.go:207.115,209.2 1 0
digital.vasic.lava.apigo/internal/nnmclub/provider.go:214.99,217.16 3 0
digital.vasic.lava.apigo/internal/nnmclub/provider.go:217.16,219.3 1 0
digital.vasic.lava.apigo/internal/nnmclub/provider.go:220.2,220.16 1 0
digital.vasic.lava.apigo/internal/nnmclub/provider.go:224.110,226.16 2 0
digital.vasic.lava.apigo/internal/nnmclub/provider.go:226.16,228.3 1 0
digital.vasic.lava.apigo/internal/nnmclub/provider.go:229.2,229.20 1 0
digital.vasic.lava.apigo/internal/nnmclub/provider.go:233.106,235.2 1 0
digital.vasic.lava.apigo/internal/nnmclub/provider.go:240.92,242.16 2 2
digital.vasic.lava.apigo/internal/nnmclub/provider.go:242.16,246.3 1 1
digital.vasic.lava.apigo/internal/nnmclub/provider.go:247.2,247.51 1 1
digital.vasic.lava.apigo/internal/nnmclub/provider.go:252.53,253.27 1 3
digital.vasic.lava.apigo/internal/nnmclub/provider.go:253.27,255.3 1 0
digital.vasic.lava.apigo/internal/nnmclub/provider.go:256.2,256.11 1 3
digital.vasic.lava.apigo/internal/nnmclub/provider.go:259.32,260.9 1 0
digital.vasic.lava.apigo/internal/nnmclub/provider.go:261.35,262.30 1 0
digital.vasic.lava.apigo/internal/nnmclub/provider.go:263.39,264.34 1 0
digital.vasic.lava.apigo/internal/nnmclub/provider.go:265.38,266.33 1 0
digital.vasic.lava.apigo/internal/nnmclub/provider.go:267.10,268.13 1 0
digital.vasic.lava.apigo/internal/nnmclub/provider.go:272.51,275.12 3 0
digital.vasic.lava.apigo/internal/nnmclub/provider.go:275.12,278.15 3 0
digital.vasic.lava.apigo/internal/nnmclub/provider.go:278.15,280.4 1 0
digital.vasic.lava.apigo/internal/nnmclub/provider.go:282.2,282.11 1 0
digital.vasic.lava.apigo/internal/nnmclub/provider.go:286.63,288.16 2 0
digital.vasic.lava.apigo/internal/nnmclub/provider.go:288.16,290.3 1 0
digital.vasic.lava.apigo/internal/nnmclub/provider.go:292.2,293.65 2 0
digital.vasic.lava.apigo/internal/nnmclub/provider.go:293.65,297.29 4 0
digital.vasic.lava.apigo/internal/nnmclub/provider.go:297.29,302.4 1 0
digital.vasic.lava.apigo/internal/nnmclub/provider.go:305.2,307.8 1 0
digital.vasic.lava.apigo/internal/nnmclub/provider.go:311.77,313.16 2 0
digital.vasic.lava.apigo/internal/nnmclub/provider.go:313.16,315.3 1 0
digital.vasic.lava.apigo/internal/nnmclub/provider.go:317.2,318.74 2 0
digital.vasic.lava.apigo/internal/nnmclub/provider.go:318.74,320.19 2 0
digital.vasic.lava.apigo/internal/nnmclub/provider.go:320.19,322.4 1 0
digital.vasic.lava.apigo/internal/nnmclub/provider.go:323.3,324.17 2 0
digital.vasic.lava.apigo/internal/nnmclub/provider.go:324.17,326.4 1 0
digital.vasic.lava.apigo/internal/nnmclub/provider.go:327.3,327.33 1 0
digital.vasic.lava.apigo/internal/nnmclub/provider.go:327.33,332.4 1 0
digital.vasic.lava.apigo/internal/nnmclub/provider.go:335.2,339.8 1 0
digital.vasic.lava.apigo/internal/nnmclub/search.go:26.77,28.16 2 4
digital.vasic.lava.apigo/internal/nnmclub/search.go:28.16,30.3 1 0
digital.vasic.lava.apigo/internal/nnmclub/search.go:32.2,33.74 2 4
digital.vasic.lava.apigo/internal/nnmclub/search.go:33.74,35.34 1 10
digital.vasic.lava.apigo/internal/nnmclub/search.go:35.34,37.4 1 4
digital.vasic.lava.apigo/internal/nnmclub/search.go:39.3,40.32 2 6
digital.vasic.lava.apigo/internal/nnmclub/search.go:40.32,42.4 1 0
digital.vasic.lava.apigo/internal/nnmclub/search.go:44.3,46.15 3 6
digital.vasic.lava.apigo/internal/nnmclub/search.go:46.15,48.4 1 0
digital.vasic.lava.apigo/internal/nnmclub/search.go:50.3,58.26 6 6
digital.vasic.lava.apigo/internal/nnmclub/search.go:58.26,60.4 1 6
digital.vasic.lava.apigo/internal/nnmclub/search.go:62.3,72.23 3 6
digital.vasic.lava.apigo/internal/nnmclub/search.go:72.23,74.4 1 0
digital.vasic.lava.apigo/internal/nnmclub/search.go:76.3,76.30 1 6
digital.vasic.lava.apigo/internal/nnmclub/search.go:80.2,81.73 2 4
digital.vasic.lava.apigo/internal/nnmclub/search.go:81.73,84.21 3 3
digital.vasic.lava.apigo/internal/nnmclub/search.go:84.21,87.28 3 3
digital.vasic.lava.apigo/internal/nnmclub/search.go:87.28,89.5 1 3
digital.vasic.lava.apigo/internal/nnmclub/search.go:93.2,98.8 1 4
digital.vasic.lava.apigo/internal/nnmclub/search.go:102.126,104.22 2 2
digital.vasic.lava.apigo/internal/nnmclub/search.go:104.22,106.3 1 2
digital.vasic.lava.apigo/internal/nnmclub/search.go:107.2,107.19 1 2
digital.vasic.lava.apigo/internal/nnmclub/search.go:107.19,109.3 1 1
digital.vasic.lava.apigo/internal/nnmclub/search.go:110.2,111.42 2 2
digital.vasic.lava.apigo/internal/nnmclub/search.go:111.42,113.3 1 2
digital.vasic.lava.apigo/internal/nnmclub/search.go:114.2,115.16 2 2
digital.vasic.lava.apigo/internal/nnmclub/search.go:115.16,117.3 1 0
digital.vasic.lava.apigo/internal/nnmclub/search.go:118.2,118.35 1 2
digital.vasic.lava.apigo/internal/nnmclub/search.go:118.35,120.3 1 0
digital.vasic.lava.apigo/internal/nnmclub/search.go:121.2,121.19 1 2
digital.vasic.lava.apigo/internal/nnmclub/search.go:121.19,123.3 1 0
digital.vasic.lava.apigo/internal/nnmclub/search.go:124.2,124.41 1 2
digital.vasic.lava.apigo/internal/nnmclub/topic.go:22.76,24.16 2 3
digital.vasic.lava.apigo/internal/nnmclub/topic.go:24.16,26.3 1 0
digital.vasic.lava.apigo/internal/nnmclub/topic.go:29.2,30.17 2 3
digital.vasic.lava.apigo/internal/nnmclub/topic.go:30.17,32.3 1 0
digital.vasic.lava.apigo/internal/nnmclub/topic.go:35.2,42.77 4 3
digital.vasic.lava.apigo/internal/nnmclub/topic.go:42.77,44.57 2 3
digital.vasic.lava.apigo/internal/nnmclub/topic.go:44.57,46.4 1 3
digital.vasic.lava.apigo/internal/nnmclub/topic.go:49.2,56.8 1 3
digital.vasic.lava.apigo/internal/nnmclub/topic.go:60.119,62.14 2 2
digital.vasic.lava.apigo/internal/nnmclub/topic.go:62.14,64.3 1 1
digital.vasic.lava.apigo/internal/nnmclub/topic.go:65.2,66.16 2 2
digital.vasic.lava.apigo/internal/nnmclub/topic.go:66.16,68.3 1 0
digital.vasic.lava.apigo/internal/nnmclub/topic.go:69.2,69.35 1 2
digital.vasic.lava.apigo/internal/nnmclub/topic.go:69.35,71.3 1 0
digital.vasic.lava.apigo/internal/nnmclub/topic.go:72.2,72.19 1 2
digital.vasic.lava.apigo/internal/nnmclub/topic.go:72.19,74.3 1 0
digital.vasic.lava.apigo/internal/nnmclub/topic.go:75.2,75.33 1 2
digital.vasic.lava.apigo/internal/nnmclub/utils.go:10.41,12.16 2 9
digital.vasic.lava.apigo/internal/nnmclub/utils.go:12.16,17.50 1 0
digital.vasic.lava.apigo/internal/nnmclub/utils.go:17.50,19.4 1 0
digital.vasic.lava.apigo/internal/nnmclub/utils.go:20.3,20.12 1 0
digital.vasic.lava.apigo/internal/nnmclub/utils.go:22.2,22.46 1 9
digital.vasic.lava.apigo/internal/nnmclub/utils.go:26.49,28.16 2 3
digital.vasic.lava.apigo/internal/nnmclub/utils.go:28.16,34.3 1 0
digital.vasic.lava.apigo/internal/nnmclub/utils.go:35.2,35.27 1 3
digital.vasic.lava.apigo/internal/nnmclub/utils.go:39.33,41.13 2 18
digital.vasic.lava.apigo/internal/nnmclub/utils.go:41.13,43.3 1 0
digital.vasic.lava.apigo/internal/nnmclub/utils.go:44.2,45.10 2 18
digital.vasic.lava.apigo/internal/observability/health.go:20.40,21.30 1 1
digital.vasic.lava.apigo/internal/observability/health.go:21.30,23.3 1 1
digital.vasic.lava.apigo/internal/observability/health.go:29.61,30.30 1 3
digital.vasic.lava.apigo/internal/observability/health.go:30.30,31.19 1 3
digital.vasic.lava.apigo/internal/observability/health.go:31.19,34.4 2 1
digital.vasic.lava.apigo/internal/observability/health.go:35.3,35.52 1 2
digital.vasic.lava.apigo/internal/observability/health.go:35.52,41.4 2 1
digital.vasic.lava.apigo/internal/observability/health.go:42.3,42.50 1 1
digital.vasic.lava.apigo/internal/observability/log.go:63.44,64.23 1 3
digital.vasic.lava.apigo/internal/observability/log.go:64.23,66.3 1 0
digital.vasic.lava.apigo/internal/observability/log.go:67.2,67.30 1 3
digital.vasic.lava.apigo/internal/observability/log.go:67.30,69.3 1 3
digital.vasic.lava.apigo/internal/observability/log.go:70.2,70.77 1 3
digital.vasic.lava.apigo/internal/observability/log.go:84.92,86.25 2 3
digital.vasic.lava.apigo/internal/observability/log.go:86.25,88.3 1 39
digital.vasic.lava.apigo/internal/observability/log.go:89.2,94.3 1 3
digital.vasic.lava.apigo/internal/observability/log.go:100.36,102.2 1 45
digital.vasic.lava.apigo/internal/observability/log.go:104.74,106.2 1 4
digital.vasic.lava.apigo/internal/observability/log.go:108.75,114.28 2 3
digital.vasic.lava.apigo/internal/observability/log.go:114.28,116.3 1 0
digital.vasic.lava.apigo/internal/observability/log.go:117.2,117.33 1 3
digital.vasic.lava.apigo/internal/observability/log.go:117.33,120.3 2 6
digital.vasic.lava.apigo/internal/observability/log.go:121.2,122.16 2 3
digital.vasic.lava.apigo/internal/observability/log.go:122.16,124.3 1 0
digital.vasic.lava.apigo/internal/observability/log.go:125.2,129.12 5 3
digital.vasic.lava.apigo/internal/observability/log.go:132.69,133.50 1 6
digital.vasic.lava.apigo/internal/observability/log.go:133.50,136.3 2 5
digital.vasic.lava.apigo/internal/observability/log.go:137.2,137.28 1 1
digital.vasic.lava.apigo/internal/observability/log.go:140.67,145.2 4 0
digital.vasic.lava.apigo/internal/observability/log.go:147.64,151.2 3 0
digital.vasic.lava.apigo/internal/observability/metrics.go:50.57,51.21 1 3
digital.vasic.lava.apigo/internal/observability/metrics.go:51.21,53.3 1 2
digital.vasic.lava.apigo/internal/observability/metrics.go:55.2,137.10 4 3
digital.vasic.lava.apigo/internal/observability/metrics.go:142.51,142.72 1 1
digital.vasic.lava.apigo/internal/observability/metrics.go:147.42,149.2 1 2
digital.vasic.lava.apigo/internal/observability/metrics.go:155.36,157.2 1 0
digital.vasic.lava.apigo/internal/observability/metrics.go:163.51,164.30 1 1
digital.vasic.lava.apigo/internal/observability/metrics.go:164.30,170.18 5 2
digital.vasic.lava.apigo/internal/observability/metrics.go:170.18,172.4 1 0
digital.vasic.lava.apigo/internal/observability/metrics.go:173.3,176.90 3 2
digital.vasic.lava.apigo/internal/observability/metrics.go:183.36,184.9 1 2
digital.vasic.lava.apigo/internal/observability/metrics.go:185.18,186.15 1 0
digital.vasic.lava.apigo/internal/observability/metrics.go:187.18,188.15 1 2
digital.vasic.lava.apigo/internal/observability/metrics.go:189.18,190.15 1 0
digital.vasic.lava.apigo/internal/observability/metrics.go:191.18,192.15 1 0
digital.vasic.lava.apigo/internal/observability/metrics.go:193.10,194.15 1 0
digital.vasic.lava.apigo/internal/observability/nonfatal.go:98.79,99.16 1 12
digital.vasic.lava.apigo/internal/observability/nonfatal.go:99.16,101.3 1 1
digital.vasic.lava.apigo/internal/observability/nonfatal.go:105.2,105.82 1 11
digital.vasic.lava.apigo/internal/observability/nonfatal.go:105.82,111.3 2 2
digital.vasic.lava.apigo/internal/observability/nonfatal.go:112.2,115.26 4 9
digital.vasic.lava.apigo/internal/observability/nonfatal.go:115.26,117.3 1 11
digital.vasic.lava.apigo/internal/observability/nonfatal.go:118.2,118.55 1 9
digital.vasic.lava.apigo/internal/observability/nonfatal.go:128.83,131.26 3 1
digital.vasic.lava.apigo/internal/observability/nonfatal.go:131.26,133.3 1 2
digital.vasic.lava.apigo/internal/observability/nonfatal.go:134.2,134.53 1 1
digital.vasic.lava.apigo/internal/observability/nonfatal.go:140.32,141.16 1 11
digital.vasic.lava.apigo/internal/observability/nonfatal.go:141.16,143.3 1 0
digital.vasic.lava.apigo/internal/observability/nonfatal.go:144.2,146.29 3 11
digital.vasic.lava.apigo/internal/observability/nonfatal.go:146.29,150.18 2 12
digital.vasic.lava.apigo/internal/observability/nonfatal.go:150.18,151.9 1 11
digital.vasic.lava.apigo/internal/observability/nonfatal.go:153.3,154.10 2 1
digital.vasic.lava.apigo/internal/observability/nonfatal.go:156.2,156.30 1 11
digital.vasic.lava.apigo/internal/observability/nonfatal.go:163.43,164.16 1 11
digital.vasic.lava.apigo/internal/observability/nonfatal.go:164.16,166.3 1 0
digital.vasic.lava.apigo/internal/observability/nonfatal.go:167.2,168.30 2 11
digital.vasic.lava.apigo/internal/observability/nonfatal.go:168.30,170.3 1 4
digital.vasic.lava.apigo/internal/observability/nonfatal.go:172.2,172.13 1 7
digital.vasic.lava.apigo/internal/observability/nonfatal.go:173.24,174.28 1 1
digital.vasic.lava.apigo/internal/observability/nonfatal.go:175.32,176.36 1 1
digital.vasic.lava.apigo/internal/observability/nonfatal.go:178.2,178.16 1 5
digital.vasic.lava.apigo/internal/observability/nonfatal.go:182.32,183.29 1 19
digital.vasic.lava.apigo/internal/observability/nonfatal.go:183.29,185.3 1 18
digital.vasic.lava.apigo/internal/observability/nonfatal.go:186.2,186.36 1 1
digital.vasic.lava.apigo/internal/observability/nonfatal.go:191.50,193.44 2 13
digital.vasic.lava.apigo/internal/observability/nonfatal.go:193.44,194.35 1 91
digital.vasic.lava.apigo/internal/observability/nonfatal.go:194.35,196.4 1 4
digital.vasic.lava.apigo/internal/observability/nonfatal.go:198.2,198.24 1 9
digital.vasic.lava.apigo/internal/observability/tracing.go:35.70,36.25 1 1
digital.vasic.lava.apigo/internal/observability/tracing.go:36.25,38.3 1 1
digital.vasic.lava.apigo/internal/observability/tracing.go:39.2,49.16 3 1
digital.vasic.lava.apigo/internal/observability/tracing.go:49.16,51.3 1 0
digital.vasic.lava.apigo/internal/observability/tracing.go:52.2,52.27 1 1
digital.vasic.lava.apigo/internal/observability/tracing.go:57.55,58.30 1 1
digital.vasic.lava.apigo/internal/observability/tracing.go:58.30,60.3 1 0
digital.vasic.lava.apigo/internal/observability/tracing.go:61.2,61.27 1 1
digital.vasic.lava.apigo/internal/observability/tracing.go:69.47,70.15 1 0
digital.vasic.lava.apigo/internal/observability/tracing.go:70.15,72.3 1 0
digital.vasic.lava.apigo/internal/observability/tracing.go:73.2,73.13 1 0
digital.vasic.lava.apigo/internal/observability/tracing.go:76.57,77.20 1 1
digital.vasic.lava.apigo/internal/observability/tracing.go:77.20,79.3 1 1
digital.vasic.lava.apigo/internal/observability/tracing.go:80.2,80.30 1 0
digital.vasic.lava.apigo/internal/provider/registry.go:18.38,22.2 1 6
digital.vasic.lava.apigo/internal/provider/registry.go:26.49,30.34 4 8
digital.vasic.lava.apigo/internal/provider/registry.go:30.34,31.59 1 1
digital.vasic.lava.apigo/internal/provider/registry.go:33.2,33.13 1 7
digital.vasic.lava.apigo/internal/provider/registry.go:38.61,42.9 4 2
digital.vasic.lava.apigo/internal/provider/registry.go:42.9,44.3 1 1
digital.vasic.lava.apigo/internal/provider/registry.go:45.2,45.15 1 1
digital.vasic.lava.apigo/internal/provider/registry.go:50.43,54.22 4 1
digital.vasic.lava.apigo/internal/provider/registry.go:54.22,56.3 1 2
digital.vasic.lava.apigo/internal/provider/registry.go:58.2,58.12 1 1
digital.vasic.lava.apigo/internal/provider/registry.go:62.45,66.24 4 1
digital.vasic.lava.apigo/internal/provider/registry.go:66.24,68.3 1 1
digital.vasic.lava.apigo/internal/provider/registry.go:69.2,69.12 1 1
digital.vasic.lava.apigo/internal/provider/registry.go:74.85,78.9 4 3
digital.vasic.lava.apigo/internal/provider/registry.go:78.9,80.3 1 1
digital.vasic.lava.apigo/internal/provider/registry.go:81.2,81.37 1 2
digital.vasic.lava.apigo/internal/provider/registry.go:81.37,82.15 1 2
digital.vasic.lava.apigo/internal/provider/registry.go:82.15,84.4 1 1
digital.vasic.lava.apigo/internal/provider/registry.go:86.2,86.14 1 1
digital.vasic.lava.apigo/internal/qa/detector/detector.go:119.56,121.27 2 13
digital.vasic.lava.apigo/internal/qa/detector/detector.go:121.27,123.3 1 5
digital.vasic.lava.apigo/internal/qa/detector/detector.go:124.2,124.10 1 13
digital.vasic.lava.apigo/internal/qa/detector/detector.go:134.66,135.27 1 5
digital.vasic.lava.apigo/internal/qa/detector/detector.go:135.27,137.3 1 5
digital.vasic.lava.apigo/internal/qa/detector/detector.go:154.93,155.42 1 6
digital.vasic.lava.apigo/internal/qa/detector/detector.go:155.42,162.3 3 2
digital.vasic.lava.apigo/internal/qa/detector/detector.go:164.2,171.16 3 4
digital.vasic.lava.apigo/internal/qa/detector/detector.go:171.16,179.3 3 0
digital.vasic.lava.apigo/internal/qa/detector/detector.go:180.2,180.29 1 4
digital.vasic.lava.apigo/internal/qa/detector/detector.go:194.87,195.14 1 4
digital.vasic.lava.apigo/internal/qa/detector/detector.go:195.14,203.3 3 2
digital.vasic.lava.apigo/internal/qa/detector/detector.go:205.2,212.16 3 2
digital.vasic.lava.apigo/internal/qa/detector/detector.go:212.16,220.3 3 0
digital.vasic.lava.apigo/internal/qa/detector/detector.go:221.2,221.29 1 2
digital.vasic.lava.apigo/internal/qa/detector/detector.go:228.41,228.65 1 1
digital.vasic.lava.apigo/internal/qa/detector/detector.go:233.55,234.21 1 6
digital.vasic.lava.apigo/internal/qa/detector/detector.go:234.21,235.39 1 1
digital.vasic.lava.apigo/internal/qa/detector/detector.go:235.40,235.41 0 1
digital.vasic.lava.apigo/internal/qa/detector/detector.go:237.2,237.49 1 5
digital.vasic.lava.apigo/internal/qa/detector/detector.go:251.72,252.15 1 8
digital.vasic.lava.apigo/internal/qa/detector/detector.go:252.15,254.3 1 1
digital.vasic.lava.apigo/internal/qa/detector/detector.go:255.2,260.3 1 7
digital.vasic.lava.apigo/internal/qa/evidence/collector.go:87.55,97.2 2 8
digital.vasic.lava.apigo/internal/qa/evidence/collector.go:111.83,112.39 1 35
digital.vasic.lava.apigo/internal/qa/evidence/collector.go:112.39,120.3 2 1
digital.vasic.lava.apigo/internal/qa/evidence/collector.go:121.2,121.53 1 34
digital.vasic.lava.apigo/internal/qa/evidence/collector.go:121.53,131.3 3 1
digital.vasic.lava.apigo/internal/qa/evidence/collector.go:132.2,136.67 4 33
digital.vasic.lava.apigo/internal/qa/evidence/collector.go:136.67,146.3 3 0
digital.vasic.lava.apigo/internal/qa/evidence/collector.go:147.2,153.12 2 33
digital.vasic.lava.apigo/internal/qa/evidence/collector.go:168.83,169.39 1 3
digital.vasic.lava.apigo/internal/qa/evidence/collector.go:169.39,178.3 2 1
digital.vasic.lava.apigo/internal/qa/evidence/collector.go:179.2,179.53 1 2
digital.vasic.lava.apigo/internal/qa/evidence/collector.go:179.53,189.3 3 0
digital.vasic.lava.apigo/internal/qa/evidence/collector.go:190.2,193.51 3 2
digital.vasic.lava.apigo/internal/qa/evidence/collector.go:193.51,204.3 3 1
digital.vasic.lava.apigo/internal/qa/evidence/collector.go:205.2,211.12 2 1
digital.vasic.lava.apigo/internal/qa/evidence/collector.go:222.55,227.2 4 2
digital.vasic.lava.apigo/internal/qa/evidence/collector.go:232.43,234.2 1 5
digital.vasic.lava.apigo/internal/qa/evidence/collector.go:237.33,239.2 1 5
digital.vasic.lava.apigo/internal/qa/evidence/collector.go:242.36,242.54 1 1
digital.vasic.lava.apigo/internal/qa/evidence/collector.go:245.40,245.59 1 1
digital.vasic.lava.apigo/internal/qa/evidence/collector.go:250.40,253.17 3 38
digital.vasic.lava.apigo/internal/qa/evidence/collector.go:253.17,255.3 1 2
digital.vasic.lava.apigo/internal/qa/evidence/collector.go:256.2,256.12 1 36
digital.vasic.lava.apigo/internal/qa/evidence/collector.go:261.41,262.17 1 42
digital.vasic.lava.apigo/internal/qa/evidence/collector.go:262.17,264.3 1 1
digital.vasic.lava.apigo/internal/qa/evidence/collector.go:265.2,266.34 2 41
digital.vasic.lava.apigo/internal/qa/evidence/collector.go:266.34,268.10 2 472
digital.vasic.lava.apigo/internal/qa/evidence/collector.go:272.37,273.24 1 454
digital.vasic.lava.apigo/internal/qa/evidence/collector.go:274.11,275.26 1 18
digital.vasic.lava.apigo/internal/qa/evidence/collector.go:278.2,278.20 1 41
digital.vasic.lava.apigo/internal/qa/evidence/collector.go:282.38,284.16 2 2
digital.vasic.lava.apigo/internal/qa/evidence/collector.go:284.16,286.3 1 1
digital.vasic.lava.apigo/internal/qa/evidence/collector.go:287.2,289.16 3 1
digital.vasic.lava.apigo/internal/qa/evidence/collector.go:289.16,291.3 1 0
digital.vasic.lava.apigo/internal/qa/evidence/collector.go:292.2,293.53 2 1
digital.vasic.lava.apigo/internal/qa/evidence/collector.go:293.53,295.3 1 0
digital.vasic.lava.apigo/internal/qa/evidence/collector.go:296.2,296.12 1 1
digital.vasic.lava.apigo/internal/qa/ticket/generator.go:182.48,188.2 2 18
digital.vasic.lava.apigo/internal/qa/ticket/generator.go:192.40,192.59 1 1
digital.vasic.lava.apigo/internal/qa/ticket/generator.go:207.97,208.47 1 36
digital.vasic.lava.apigo/internal/qa/ticket/generator.go:208.47,215.3 2 2
digital.vasic.lava.apigo/internal/qa/ticket/generator.go:216.2,216.38 1 34
digital.vasic.lava.apigo/internal/qa/ticket/generator.go:216.38,223.3 2 1
digital.vasic.lava.apigo/internal/qa/ticket/generator.go:225.2,226.19 2 33
digital.vasic.lava.apigo/internal/qa/ticket/generator.go:226.19,228.3 1 1
digital.vasic.lava.apigo/internal/qa/ticket/generator.go:229.2,234.53 5 33
digital.vasic.lava.apigo/internal/qa/ticket/generator.go:234.53,243.3 3 0
digital.vasic.lava.apigo/internal/qa/ticket/generator.go:245.2,247.59 2 33
digital.vasic.lava.apigo/internal/qa/ticket/generator.go:247.59,256.3 3 0
digital.vasic.lava.apigo/internal/qa/ticket/generator.go:269.2,271.18 2 33
digital.vasic.lava.apigo/internal/qa/ticket/generator.go:289.66,297.20 4 34
digital.vasic.lava.apigo/internal/qa/ticket/generator.go:297.20,299.3 1 34
digital.vasic.lava.apigo/internal/qa/ticket/generator.go:300.2,300.23 1 34
digital.vasic.lava.apigo/internal/qa/ticket/generator.go:300.23,302.3 1 32
digital.vasic.lava.apigo/internal/qa/ticket/generator.go:303.2,303.20 1 34
digital.vasic.lava.apigo/internal/qa/ticket/generator.go:303.20,305.3 1 32
digital.vasic.lava.apigo/internal/qa/ticket/generator.go:306.2,306.19 1 34
digital.vasic.lava.apigo/internal/qa/ticket/generator.go:306.19,308.3 1 34
digital.vasic.lava.apigo/internal/qa/ticket/generator.go:309.2,309.21 1 34
digital.vasic.lava.apigo/internal/qa/ticket/generator.go:309.21,311.3 1 32
digital.vasic.lava.apigo/internal/qa/ticket/generator.go:312.2,312.22 1 34
digital.vasic.lava.apigo/internal/qa/ticket/generator.go:312.22,314.3 1 34
digital.vasic.lava.apigo/internal/qa/ticket/generator.go:315.2,315.29 1 34
digital.vasic.lava.apigo/internal/qa/ticket/generator.go:315.29,317.3 1 34
digital.vasic.lava.apigo/internal/qa/ticket/generator.go:318.2,319.27 2 34
digital.vasic.lava.apigo/internal/qa/ticket/generator.go:319.27,321.3 1 32
digital.vasic.lava.apigo/internal/qa/ticket/generator.go:322.2,340.47 11 34
digital.vasic.lava.apigo/internal/qa/ticket/generator.go:340.47,344.3 3 32
digital.vasic.lava.apigo/internal/qa/ticket/generator.go:347.2,355.20 6 34
digital.vasic.lava.apigo/internal/qa/ticket/generator.go:363.39,364.16 1 34
digital.vasic.lava.apigo/internal/qa/ticket/generator.go:364.16,366.3 1 1
digital.vasic.lava.apigo/internal/qa/ticket/generator.go:367.2,368.33 2 33
digital.vasic.lava.apigo/internal/qa/ticket/generator.go:368.33,370.10 2 451
digital.vasic.lava.apigo/internal/qa/ticket/generator.go:371.29,372.24 1 391
digital.vasic.lava.apigo/internal/qa/ticket/generator.go:373.29,374.34 1 6
digital.vasic.lava.apigo/internal/qa/ticket/generator.go:375.29,376.24 1 3
digital.vasic.lava.apigo/internal/qa/ticket/generator.go:377.29,378.26 1 42
digital.vasic.lava.apigo/internal/qa/ticket/generator.go:379.11,380.26 1 9
digital.vasic.lava.apigo/internal/qa/ticket/generator.go:384.2,386.24 3 33
digital.vasic.lava.apigo/internal/qa/ticket/generator.go:386.24,387.15 1 451
digital.vasic.lava.apigo/internal/qa/ticket/generator.go:387.15,388.17 1 51
digital.vasic.lava.apigo/internal/qa/ticket/generator.go:388.17,390.5 1 39
digital.vasic.lava.apigo/internal/qa/ticket/generator.go:391.4,391.19 1 51
digital.vasic.lava.apigo/internal/qa/ticket/generator.go:392.9,395.4 2 400
digital.vasic.lava.apigo/internal/qa/ticket/generator.go:397.2,397.45 1 33
digital.vasic.lava.apigo/internal/qa/validator/validator.go:156.60,157.28 1 1
digital.vasic.lava.apigo/internal/qa/validator/validator.go:157.28,159.3 1 1
digital.vasic.lava.apigo/internal/qa/validator/validator.go:177.58,178.28 1 4
digital.vasic.lava.apigo/internal/qa/validator/validator.go:178.28,181.3 2 4
digital.vasic.lava.apigo/internal/qa/validator/validator.go:187.39,188.28 1 1
digital.vasic.lava.apigo/internal/qa/validator/validator.go:188.28,190.3 1 1
digital.vasic.lava.apigo/internal/qa/validator/validator.go:197.39,198.28 1 2
digital.vasic.lava.apigo/internal/qa/validator/validator.go:198.28,200.3 1 2
digital.vasic.lava.apigo/internal/qa/validator/validator.go:220.92,225.27 2 13
digital.vasic.lava.apigo/internal/qa/validator/validator.go:225.27,227.3 1 8
digital.vasic.lava.apigo/internal/qa/validator/validator.go:228.2,231.23 2 13
digital.vasic.lava.apigo/internal/qa/validator/validator.go:231.23,234.3 1 1
digital.vasic.lava.apigo/internal/qa/validator/validator.go:235.2,236.10 2 13
digital.vasic.lava.apigo/internal/qa/validator/validator.go:256.24,258.16 2 33
digital.vasic.lava.apigo/internal/qa/validator/validator.go:258.16,267.3 2 0
digital.vasic.lava.apigo/internal/qa/validator/validator.go:269.2,269.82 1 33
digital.vasic.lava.apigo/internal/qa/validator/validator.go:269.82,271.33 2 6
digital.vasic.lava.apigo/internal/qa/validator/validator.go:271.33,273.4 1 0
digital.vasic.lava.apigo/internal/qa/validator/validator.go:274.3,285.37 2 6
digital.vasic.lava.apigo/internal/qa/validator/validator.go:285.37,286.60 1 3
digital.vasic.lava.apigo/internal/qa/validator/validator.go:286.60,296.5 1 1
digital.vasic.lava.apigo/internal/qa/validator/validator.go:300.2,300.20 1 33
digital.vasic.lava.apigo/internal/qa/validator/validator.go:307.45,307.72 1 2
digital.vasic.lava.apigo/internal/qa/validator/validator.go:310.39,310.70 1 2
digital.vasic.lava.apigo/internal/qa/validator/validator.go:313.39,313.70 1 4
digital.vasic.lava.apigo/internal/qa/validator/validator.go:316.38,316.68 1 5
digital.vasic.lava.apigo/internal/qa/validator/validator.go:322.29,322.47 1 1
digital.vasic.lava.apigo/internal/qa/validator/validator.go:325.36,325.54 1 1
digital.vasic.lava.apigo/internal/qa/validator/validator.go:332.56,332.73 1 1
digital.vasic.lava.apigo/internal/qa/validator/validator.go:338.77,343.14 4 3
digital.vasic.lava.apigo/internal/qa/validator/validator.go:343.14,345.3 1 0
digital.vasic.lava.apigo/internal/qa/validator/validator.go:347.2,347.23 1 3
digital.vasic.lava.apigo/internal/qa/validator/validator.go:347.23,351.56 4 2
digital.vasic.lava.apigo/internal/qa/validator/validator.go:351.56,353.4 1 1
digital.vasic.lava.apigo/internal/qa/validator/validator.go:354.3,354.13 1 1
digital.vasic.lava.apigo/internal/qa/validator/validator.go:357.2,358.16 2 1
digital.vasic.lava.apigo/internal/qa/validator/validator.go:358.16,360.3 1 0
digital.vasic.lava.apigo/internal/qa/validator/validator.go:361.2,361.12 1 1
digital.vasic.lava.apigo/internal/qa/validator/validator.go:372.71,373.62 1 1
digital.vasic.lava.apigo/internal/qa/validator/validator.go:373.62,378.3 3 2
digital.vasic.lava.apigo/internal/qa/validator/validator.go:383.41,384.17 1 7
digital.vasic.lava.apigo/internal/qa/validator/validator.go:384.17,386.3 1 1
digital.vasic.lava.apigo/internal/qa/validator/validator.go:387.2,388.34 2 6
digital.vasic.lava.apigo/internal/qa/validator/validator.go:388.34,390.10 2 104
digital.vasic.lava.apigo/internal/qa/validator/validator.go:394.37,395.24 1 100
digital.vasic.lava.apigo/internal/qa/validator/validator.go:396.11,397.26 1 4
digital.vasic.lava.apigo/internal/qa/validator/validator.go:400.2,400.20 1 6
digital.vasic.lava.apigo/internal/qa/validator/validator.go:406.57,408.2 1 2
digital.vasic.lava.apigo/internal/ratelimit/ratelimit.go:54.29,61.2 1 1
digital.vasic.lava.apigo/internal/ratelimit/ratelimit.go:73.31,74.33 1 3
digital.vasic.lava.apigo/internal/ratelimit/ratelimit.go:74.33,75.15 1 12
digital.vasic.lava.apigo/internal/ratelimit/ratelimit.go:75.15,77.4 1 10
digital.vasic.lava.apigo/internal/ratelimit/ratelimit.go:78.3,78.63 1 2
digital.vasic.lava.apigo/internal/ratelimit/ratelimit.go:80.2,85.4 1 3
digital.vasic.lava.apigo/internal/ratelimit/ratelimit.go:94.64,96.16 2 3
digital.vasic.lava.apigo/internal/ratelimit/ratelimit.go:96.16,97.31 1 1
digital.vasic.lava.apigo/internal/ratelimit/ratelimit.go:97.31,97.43 1 10
digital.vasic.lava.apigo/internal/ratelimit/ratelimit.go:99.2,99.30 1 2
digital.vasic.lava.apigo/internal/ratelimit/ratelimit.go:99.30,102.17 3 6
digital.vasic.lava.apigo/internal/ratelimit/ratelimit.go:102.17,111.4 2 0
digital.vasic.lava.apigo/internal/ratelimit/ratelimit.go:112.3,112.22 1 6
digital.vasic.lava.apigo/internal/ratelimit/ratelimit.go:112.22,115.4 2 2
digital.vasic.lava.apigo/internal/ratelimit/ratelimit.go:116.3,116.11 1 4
digital.vasic.lava.apigo/internal/router/router.go:59.35,75.21 7 0
digital.vasic.lava.apigo/internal/router/router.go:75.21,77.3 1 0
digital.vasic.lava.apigo/internal/router/router.go:82.2,82.47 1 0
digital.vasic.lava.apigo/internal/router/router.go:82.47,85.3 2 0
digital.vasic.lava.apigo/internal/router/router.go:86.2,87.25 2 0
digital.vasic.lava.apigo/internal/router/router.go:87.25,89.3 1 0
digital.vasic.lava.apigo/internal/router/router.go:91.2,91.21 1 0
digital.vasic.lava.apigo/internal/router/router.go:91.21,94.3 2 0
digital.vasic.lava.apigo/internal/router/router.go:96.2,107.15 4 0
digital.vasic.lava.apigo/internal/rutracker/captcha.go:47.52,48.71 1 6
digital.vasic.lava.apigo/internal/rutracker/captcha.go:48.71,50.3 1 1
digital.vasic.lava.apigo/internal/rutracker/captcha.go:51.2,51.74 1 5
digital.vasic.lava.apigo/internal/rutracker/captcha.go:51.74,53.3 1 3
digital.vasic.lava.apigo/internal/rutracker/captcha.go:54.2,54.18 1 2
digital.vasic.lava.apigo/internal/rutracker/captcha.go:68.95,70.26 2 3
digital.vasic.lava.apigo/internal/rutracker/captcha.go:70.26,72.3 1 1
digital.vasic.lava.apigo/internal/rutracker/captcha.go:73.2,74.16 2 2
digital.vasic.lava.apigo/internal/rutracker/captcha.go:74.16,76.3 1 0
digital.vasic.lava.apigo/internal/rutracker/captcha.go:77.2,77.19 1 2
digital.vasic.lava.apigo/internal/rutracker/captcha.go:77.19,79.3 1 1
digital.vasic.lava.apigo/internal/rutracker/captcha.go:80.2,83.8 1 1
digital.vasic.lava.apigo/internal/rutracker/client.go:43.59,51.14 4 73
digital.vasic.lava.apigo/internal/rutracker/client.go:51.14,57.3 1 10
digital.vasic.lava.apigo/internal/rutracker/client.go:67.2,68.16 2 63
digital.vasic.lava.apigo/internal/rutracker/client.go:68.16,70.3 1 0
digital.vasic.lava.apigo/internal/rutracker/client.go:71.2,71.19 1 63
digital.vasic.lava.apigo/internal/rutracker/client.go:71.19,73.3 1 0
digital.vasic.lava.apigo/internal/rutracker/client.go:74.2,75.16 2 63
digital.vasic.lava.apigo/internal/rutracker/client.go:75.16,77.3 1 0
digital.vasic.lava.apigo/internal/rutracker/client.go:78.2,78.22 1 63
digital.vasic.lava.apigo/internal/rutracker/client.go:141.37,147.82 2 69
digital.vasic.lava.apigo/internal/rutracker/client.go:147.82,149.45 1 65
digital.vasic.lava.apigo/internal/rutracker/client.go:149.45,151.5 1 64
digital.vasic.lava.apigo/internal/rutracker/client.go:152.4,152.49 1 65
digital.vasic.lava.apigo/internal/rutracker/client.go:160.2,189.70 1 69
digital.vasic.lava.apigo/internal/rutracker/client.go:189.70,191.5 1 1
digital.vasic.lava.apigo/internal/rutracker/client.go:205.87,210.40 2 48
digital.vasic.lava.apigo/internal/rutracker/client.go:210.40,212.17 2 48
digital.vasic.lava.apigo/internal/rutracker/client.go:212.17,214.4 1 0
digital.vasic.lava.apigo/internal/rutracker/client.go:215.3,215.19 1 48
digital.vasic.lava.apigo/internal/rutracker/client.go:215.19,217.4 1 24
digital.vasic.lava.apigo/internal/rutracker/client.go:218.3,219.17 2 48
digital.vasic.lava.apigo/internal/rutracker/client.go:219.17,221.4 1 0
digital.vasic.lava.apigo/internal/rutracker/client.go:222.3,222.16 1 48
digital.vasic.lava.apigo/internal/rutracker/client.go:222.16,222.41 1 48
digital.vasic.lava.apigo/internal/rutracker/client.go:223.3,224.17 2 48
digital.vasic.lava.apigo/internal/rutracker/client.go:224.17,226.4 1 0
digital.vasic.lava.apigo/internal/rutracker/client.go:227.3,232.29 3 48
digital.vasic.lava.apigo/internal/rutracker/client.go:232.29,234.4 1 2
digital.vasic.lava.apigo/internal/rutracker/client.go:235.3,235.13 1 46
digital.vasic.lava.apigo/internal/rutracker/client.go:237.2,237.16 1 48
digital.vasic.lava.apigo/internal/rutracker/client.go:237.16,239.3 1 2
digital.vasic.lava.apigo/internal/rutracker/client.go:240.2,240.26 1 46
digital.vasic.lava.apigo/internal/rutracker/client.go:249.111,255.40 2 4
digital.vasic.lava.apigo/internal/rutracker/client.go:255.40,257.17 2 4
digital.vasic.lava.apigo/internal/rutracker/client.go:257.17,259.4 1 0
digital.vasic.lava.apigo/internal/rutracker/client.go:260.3,260.19 1 4
digital.vasic.lava.apigo/internal/rutracker/client.go:260.19,262.4 1 3
digital.vasic.lava.apigo/internal/rutracker/client.go:263.3,264.17 2 4
digital.vasic.lava.apigo/internal/rutracker/client.go:264.17,266.4 1 0
digital.vasic.lava.apigo/internal/rutracker/client.go:267.3,267.16 1 4
digital.vasic.lava.apigo/internal/rutracker/client.go:267.16,267.41 1 4
digital.vasic.lava.apigo/internal/rutracker/client.go:268.3,269.17 2 4
digital.vasic.lava.apigo/internal/rutracker/client.go:269.17,271.4 1 0
digital.vasic.lava.apigo/internal/rutracker/client.go:272.3,276.29 4 4
digital.vasic.lava.apigo/internal/rutracker/client.go:276.29,278.4 1 1
digital.vasic.lava.apigo/internal/rutracker/client.go:279.3,279.13 1 3
digital.vasic.lava.apigo/internal/rutracker/client.go:281.2,281.16 1 4
digital.vasic.lava.apigo/internal/rutracker/client.go:281.16,283.3 1 1
digital.vasic.lava.apigo/internal/rutracker/client.go:284.2,284.35 1 3
digital.vasic.lava.apigo/internal/rutracker/client.go:293.138,300.40 3 10
digital.vasic.lava.apigo/internal/rutracker/client.go:300.40,302.17 2 10
digital.vasic.lava.apigo/internal/rutracker/client.go:302.17,304.4 1 0
digital.vasic.lava.apigo/internal/rutracker/client.go:305.3,306.19 2 10
digital.vasic.lava.apigo/internal/rutracker/client.go:306.19,308.4 1 0
digital.vasic.lava.apigo/internal/rutracker/client.go:309.3,310.17 2 10
digital.vasic.lava.apigo/internal/rutracker/client.go:310.17,312.4 1 0
digital.vasic.lava.apigo/internal/rutracker/client.go:313.3,313.16 1 10
digital.vasic.lava.apigo/internal/rutracker/client.go:313.16,313.41 1 10
digital.vasic.lava.apigo/internal/rutracker/client.go:314.3,315.17 2 10
digital.vasic.lava.apigo/internal/rutracker/client.go:315.17,317.4 1 0
digital.vasic.lava.apigo/internal/rutracker/client.go:318.3,322.29 4 10
digital.vasic.lava.apigo/internal/rutracker/client.go:322.29,324.4 1 0
digital.vasic.lava.apigo/internal/rutracker/client.go:325.3,325.13 1 10
digital.vasic.lava.apigo/internal/rutracker/client.go:327.2,327.16 1 10
digital.vasic.lava.apigo/internal/rutracker/client.go:327.16,329.3 1 0
digital.vasic.lava.apigo/internal/rutracker/client.go:330.2,330.35 1 10
digital.vasic.lava.apigo/internal/rutracker/client.go:338.104,344.40 2 3
digital.vasic.lava.apigo/internal/rutracker/client.go:344.40,346.17 2 3
digital.vasic.lava.apigo/internal/rutracker/client.go:346.17,348.4 1 0
digital.vasic.lava.apigo/internal/rutracker/client.go:349.3,349.19 1 3
digital.vasic.lava.apigo/internal/rutracker/client.go:349.19,351.4 1 0
digital.vasic.lava.apigo/internal/rutracker/client.go:352.3,353.17 2 3
digital.vasic.lava.apigo/internal/rutracker/client.go:353.17,355.4 1 0
digital.vasic.lava.apigo/internal/rutracker/client.go:356.3,356.16 1 3
digital.vasic.lava.apigo/internal/rutracker/client.go:356.16,356.41 1 3
digital.vasic.lava.apigo/internal/rutracker/client.go:357.3,358.17 2 3
digital.vasic.lava.apigo/internal/rutracker/client.go:358.17,360.4 1 0
digital.vasic.lava.apigo/internal/rutracker/client.go:361.3,364.29 4 3
digital.vasic.lava.apigo/internal/rutracker/client.go:364.29,366.4 1 1
digital.vasic.lava.apigo/internal/rutracker/client.go:367.3,367.13 1 2
digital.vasic.lava.apigo/internal/rutracker/client.go:369.2,369.16 1 3
digital.vasic.lava.apigo/internal/rutracker/client.go:369.16,371.3 1 1
digital.vasic.lava.apigo/internal/rutracker/client.go:372.2,372.35 1 2
digital.vasic.lava.apigo/internal/rutracker/client.go:384.114,390.40 3 8
digital.vasic.lava.apigo/internal/rutracker/client.go:390.40,392.17 2 8
digital.vasic.lava.apigo/internal/rutracker/client.go:392.17,394.4 1 0
digital.vasic.lava.apigo/internal/rutracker/client.go:395.3,396.19 2 8
digital.vasic.lava.apigo/internal/rutracker/client.go:396.19,398.4 1 7
digital.vasic.lava.apigo/internal/rutracker/client.go:399.3,400.17 2 8
digital.vasic.lava.apigo/internal/rutracker/client.go:400.17,402.4 1 0
digital.vasic.lava.apigo/internal/rutracker/client.go:403.3,403.16 1 8
digital.vasic.lava.apigo/internal/rutracker/client.go:403.16,403.41 1 8
digital.vasic.lava.apigo/internal/rutracker/client.go:404.3,405.17 2 8
digital.vasic.lava.apigo/internal/rutracker/client.go:405.17,407.4 1 0
digital.vasic.lava.apigo/internal/rutracker/client.go:408.3,413.29 3 8
digital.vasic.lava.apigo/internal/rutracker/client.go:413.29,415.4 1 1
digital.vasic.lava.apigo/internal/rutracker/client.go:416.3,416.13 1 7
digital.vasic.lava.apigo/internal/rutracker/client.go:418.2,418.16 1 8
digital.vasic.lava.apigo/internal/rutracker/client.go:418.16,420.3 1 1
digital.vasic.lava.apigo/internal/rutracker/client.go:421.2,421.26 1 7
digital.vasic.lava.apigo/internal/rutracker/comments.go:45.67,47.16 2 22
digital.vasic.lava.apigo/internal/rutracker/comments.go:47.16,49.3 1 0
digital.vasic.lava.apigo/internal/rutracker/comments.go:51.2,65.28 9 22
digital.vasic.lava.apigo/internal/rutracker/comments.go:65.28,68.36 3 14
digital.vasic.lava.apigo/internal/rutracker/comments.go:68.36,70.4 1 7
digital.vasic.lava.apigo/internal/rutracker/comments.go:73.2,78.69 5 22
digital.vasic.lava.apigo/internal/rutracker/comments.go:78.69,80.3 1 25
digital.vasic.lava.apigo/internal/rutracker/comments.go:82.2,90.44 2 22
digital.vasic.lava.apigo/internal/rutracker/comments.go:90.44,96.3 2 14
digital.vasic.lava.apigo/internal/rutracker/comments.go:97.2,97.17 1 22
digital.vasic.lava.apigo/internal/rutracker/comments.go:102.50,108.45 4 44
digital.vasic.lava.apigo/internal/rutracker/comments.go:108.45,110.3 1 44
digital.vasic.lava.apigo/internal/rutracker/comments.go:112.2,132.3 8 44
digital.vasic.lava.apigo/internal/rutracker/comments.go:142.122,144.16 2 6
digital.vasic.lava.apigo/internal/rutracker/comments.go:144.16,146.3 1 2
digital.vasic.lava.apigo/internal/rutracker/comments.go:147.2,147.32 1 4
digital.vasic.lava.apigo/internal/rutracker/comments.go:155.103,158.30 3 11
digital.vasic.lava.apigo/internal/rutracker/comments.go:158.30,160.3 1 2
digital.vasic.lava.apigo/internal/rutracker/comments.go:161.2,163.16 3 11
digital.vasic.lava.apigo/internal/rutracker/comments.go:163.16,165.3 1 0
digital.vasic.lava.apigo/internal/rutracker/comments.go:166.2,166.19 1 11
digital.vasic.lava.apigo/internal/rutracker/comments.go:166.19,168.3 1 0
digital.vasic.lava.apigo/internal/rutracker/comments.go:169.2,169.26 1 11
digital.vasic.lava.apigo/internal/rutracker/comments.go:169.26,171.3 1 2
digital.vasic.lava.apigo/internal/rutracker/comments.go:172.2,172.56 1 9
digital.vasic.lava.apigo/internal/rutracker/comments.go:172.56,174.3 1 2
digital.vasic.lava.apigo/internal/rutracker/comments.go:175.2,175.18 1 7
digital.vasic.lava.apigo/internal/rutracker/comments_add.go:50.49,52.14 2 13
digital.vasic.lava.apigo/internal/rutracker/comments_add.go:52.14,54.3 1 4
digital.vasic.lava.apigo/internal/rutracker/comments_add.go:55.2,55.20 1 9
digital.vasic.lava.apigo/internal/rutracker/comments_add.go:55.20,57.3 1 1
digital.vasic.lava.apigo/internal/rutracker/comments_add.go:58.2,58.27 1 8
digital.vasic.lava.apigo/internal/rutracker/comments_add.go:67.37,69.2 1 19
digital.vasic.lava.apigo/internal/rutracker/comments_add.go:89.97,92.18 1 5
digital.vasic.lava.apigo/internal/rutracker/comments_add.go:92.18,94.3 1 1
digital.vasic.lava.apigo/internal/rutracker/comments_add.go:98.2,99.16 2 4
digital.vasic.lava.apigo/internal/rutracker/comments_add.go:99.16,101.3 1 0
digital.vasic.lava.apigo/internal/rutracker/comments_add.go:102.2,102.19 1 4
digital.vasic.lava.apigo/internal/rutracker/comments_add.go:102.19,107.3 1 0
digital.vasic.lava.apigo/internal/rutracker/comments_add.go:108.2,108.25 1 4
digital.vasic.lava.apigo/internal/rutracker/comments_add.go:108.25,110.3 1 1
digital.vasic.lava.apigo/internal/rutracker/comments_add.go:111.2,112.9 2 3
digital.vasic.lava.apigo/internal/rutracker/comments_add.go:112.9,114.3 1 1
digital.vasic.lava.apigo/internal/rutracker/comments_add.go:118.2,126.16 8 2
digital.vasic.lava.apigo/internal/rutracker/comments_add.go:126.16,128.3 1 0
digital.vasic.lava.apigo/internal/rutracker/comments_add.go:129.2,129.23 1 2
digital.vasic.lava.apigo/internal/rutracker/comments_add.go:129.23,131.3 1 0
digital.vasic.lava.apigo/internal/rutracker/comments_add.go:132.2,132.63 1 2
digital.vasic.lava.apigo/internal/rutracker/favorites.go:68.48,70.16 2 9
digital.vasic.lava.apigo/internal/rutracker/favorites.go:70.16,75.3 1 0
digital.vasic.lava.apigo/internal/rutracker/favorites.go:76.2,80.28 5 9
digital.vasic.lava.apigo/internal/rutracker/favorites.go:81.14,84.39 1 5
digital.vasic.lava.apigo/internal/rutracker/favorites.go:85.14,88.37 1 1
digital.vasic.lava.apigo/internal/rutracker/favorites.go:90.2,90.30 1 9
digital.vasic.lava.apigo/internal/rutracker/favorites.go:90.30,92.3 1 5
digital.vasic.lava.apigo/internal/rutracker/favorites.go:93.2,93.20 1 4
digital.vasic.lava.apigo/internal/rutracker/favorites.go:120.67,122.16 2 6
digital.vasic.lava.apigo/internal/rutracker/favorites.go:122.16,124.3 1 0
digital.vasic.lava.apigo/internal/rutracker/favorites.go:125.2,127.48 3 6
digital.vasic.lava.apigo/internal/rutracker/favorites.go:127.48,159.20 15 7
digital.vasic.lava.apigo/internal/rutracker/favorites.go:159.20,169.58 2 5
digital.vasic.lava.apigo/internal/rutracker/favorites.go:169.58,171.5 1 0
digital.vasic.lava.apigo/internal/rutracker/favorites.go:172.9,189.74 5 2
digital.vasic.lava.apigo/internal/rutracker/favorites.go:189.74,192.5 2 2
digital.vasic.lava.apigo/internal/rutracker/favorites.go:193.4,193.80 1 2
digital.vasic.lava.apigo/internal/rutracker/favorites.go:193.80,196.5 2 2
digital.vasic.lava.apigo/internal/rutracker/favorites.go:197.4,197.61 1 2
digital.vasic.lava.apigo/internal/rutracker/favorites.go:197.61,199.5 1 0
digital.vasic.lava.apigo/internal/rutracker/favorites.go:201.3,201.27 1 7
digital.vasic.lava.apigo/internal/rutracker/favorites.go:203.2,203.17 1 6
digital.vasic.lava.apigo/internal/rutracker/favorites.go:217.41,218.15 1 9
digital.vasic.lava.apigo/internal/rutracker/favorites.go:218.15,220.3 1 5
digital.vasic.lava.apigo/internal/rutracker/favorites.go:221.2,223.39 3 4
digital.vasic.lava.apigo/internal/rutracker/favorites.go:239.94,240.18 1 4
digital.vasic.lava.apigo/internal/rutracker/favorites.go:240.18,242.3 1 1
digital.vasic.lava.apigo/internal/rutracker/favorites.go:243.2,244.16 2 3
digital.vasic.lava.apigo/internal/rutracker/favorites.go:244.16,246.3 1 0
digital.vasic.lava.apigo/internal/rutracker/favorites.go:247.2,247.19 1 3
digital.vasic.lava.apigo/internal/rutracker/favorites.go:247.19,249.3 1 0
digital.vasic.lava.apigo/internal/rutracker/favorites.go:250.2,250.25 1 3
digital.vasic.lava.apigo/internal/rutracker/favorites.go:250.25,252.3 1 1
digital.vasic.lava.apigo/internal/rutracker/favorites.go:254.2,256.16 3 2
digital.vasic.lava.apigo/internal/rutracker/favorites.go:256.16,258.3 1 0
digital.vasic.lava.apigo/internal/rutracker/favorites.go:259.2,260.44 2 2
digital.vasic.lava.apigo/internal/rutracker/favorites.go:260.44,262.17 2 2
digital.vasic.lava.apigo/internal/rutracker/favorites.go:262.17,264.4 1 0
digital.vasic.lava.apigo/internal/rutracker/favorites.go:265.3,265.16 1 2
digital.vasic.lava.apigo/internal/rutracker/favorites.go:265.16,267.4 1 0
digital.vasic.lava.apigo/internal/rutracker/favorites.go:268.3,269.17 2 2
digital.vasic.lava.apigo/internal/rutracker/favorites.go:269.17,271.4 1 0
digital.vasic.lava.apigo/internal/rutracker/favorites.go:272.3,272.35 1 2
digital.vasic.lava.apigo/internal/rutracker/favorites.go:274.2,274.47 1 2
digital.vasic.lava.apigo/internal/rutracker/favorites.go:290.84,291.18 1 4
digital.vasic.lava.apigo/internal/rutracker/favorites.go:291.18,293.3 1 1
digital.vasic.lava.apigo/internal/rutracker/favorites.go:294.2,295.16 2 3
digital.vasic.lava.apigo/internal/rutracker/favorites.go:295.16,297.3 1 0
digital.vasic.lava.apigo/internal/rutracker/favorites.go:298.2,298.19 1 3
digital.vasic.lava.apigo/internal/rutracker/favorites.go:298.19,300.3 1 0
digital.vasic.lava.apigo/internal/rutracker/favorites.go:301.2,301.30 1 3
digital.vasic.lava.apigo/internal/rutracker/favorites.go:301.30,303.3 1 0
digital.vasic.lava.apigo/internal/rutracker/favorites.go:304.2,305.9 2 3
digital.vasic.lava.apigo/internal/rutracker/favorites.go:305.9,307.3 1 1
digital.vasic.lava.apigo/internal/rutracker/favorites.go:308.2,314.16 6 2
digital.vasic.lava.apigo/internal/rutracker/favorites.go:314.16,316.3 1 0
digital.vasic.lava.apigo/internal/rutracker/favorites.go:317.2,317.23 1 2
digital.vasic.lava.apigo/internal/rutracker/favorites.go:317.23,319.3 1 0
digital.vasic.lava.apigo/internal/rutracker/favorites.go:320.2,320.57 1 2
digital.vasic.lava.apigo/internal/rutracker/favorites.go:328.87,329.18 1 6
digital.vasic.lava.apigo/internal/rutracker/favorites.go:329.18,331.3 1 1
digital.vasic.lava.apigo/internal/rutracker/favorites.go:332.2,333.16 2 5
digital.vasic.lava.apigo/internal/rutracker/favorites.go:333.16,335.3 1 0
digital.vasic.lava.apigo/internal/rutracker/favorites.go:336.2,336.19 1 5
digital.vasic.lava.apigo/internal/rutracker/favorites.go:336.19,338.3 1 0
digital.vasic.lava.apigo/internal/rutracker/favorites.go:339.2,339.30 1 5
digital.vasic.lava.apigo/internal/rutracker/favorites.go:339.30,341.3 1 1
digital.vasic.lava.apigo/internal/rutracker/favorites.go:342.2,343.9 2 4
digital.vasic.lava.apigo/internal/rutracker/favorites.go:343.9,345.3 1 1
digital.vasic.lava.apigo/internal/rutracker/favorites.go:346.2,353.16 7 3
digital.vasic.lava.apigo/internal/rutracker/favorites.go:353.16,355.3 1 0
digital.vasic.lava.apigo/internal/rutracker/favorites.go:356.2,356.23 1 3
digital.vasic.lava.apigo/internal/rutracker/favorites.go:356.23,358.3 1 0
digital.vasic.lava.apigo/internal/rutracker/favorites.go:359.2,359.59 1 3
digital.vasic.lava.apigo/internal/rutracker/forum.go:60.53,62.16 2 16
digital.vasic.lava.apigo/internal/rutracker/forum.go:62.16,64.3 1 0
digital.vasic.lava.apigo/internal/rutracker/forum.go:65.2,66.67 2 16
digital.vasic.lava.apigo/internal/rutracker/forum.go:66.67,72.57 4 8
digital.vasic.lava.apigo/internal/rutracker/forum.go:72.57,77.34 5 9
digital.vasic.lava.apigo/internal/rutracker/forum.go:77.34,78.77 1 3
digital.vasic.lava.apigo/internal/rutracker/forum.go:78.77,86.6 4 6
digital.vasic.lava.apigo/internal/rutracker/forum.go:88.4,93.6 2 9
digital.vasic.lava.apigo/internal/rutracker/forum.go:95.3,99.5 2 8
digital.vasic.lava.apigo/internal/rutracker/forum.go:101.2,101.49 1 16
digital.vasic.lava.apigo/internal/rutracker/forum.go:106.38,109.2 1 23
digital.vasic.lava.apigo/internal/rutracker/forum.go:112.48,114.2 1 21
digital.vasic.lava.apigo/internal/rutracker/forum.go:136.83,137.26 1 23
digital.vasic.lava.apigo/internal/rutracker/forum.go:137.26,139.3 1 2
digital.vasic.lava.apigo/internal/rutracker/forum.go:140.2,140.36 1 21
digital.vasic.lava.apigo/internal/rutracker/forum.go:140.36,142.3 1 2
digital.vasic.lava.apigo/internal/rutracker/forum.go:143.2,144.16 2 19
digital.vasic.lava.apigo/internal/rutracker/forum.go:144.16,146.3 1 0
digital.vasic.lava.apigo/internal/rutracker/forum.go:148.2,155.68 5 19
digital.vasic.lava.apigo/internal/rutracker/forum.go:155.68,159.3 3 12
digital.vasic.lava.apigo/internal/rutracker/forum.go:164.2,169.25 5 19
digital.vasic.lava.apigo/internal/rutracker/forum.go:169.25,170.28 1 25
digital.vasic.lava.apigo/internal/rutracker/forum.go:170.28,173.4 2 6
digital.vasic.lava.apigo/internal/rutracker/forum.go:176.2,176.89 1 19
digital.vasic.lava.apigo/internal/rutracker/forum.go:176.89,177.28 1 24
digital.vasic.lava.apigo/internal/rutracker/forum.go:177.28,183.4 5 6
digital.vasic.lava.apigo/internal/rutracker/forum.go:184.3,184.29 1 18
digital.vasic.lava.apigo/internal/rutracker/forum.go:184.29,186.4 1 0
digital.vasic.lava.apigo/internal/rutracker/forum.go:190.3,207.42 13 18
digital.vasic.lava.apigo/internal/rutracker/forum.go:207.42,211.4 1 2
digital.vasic.lava.apigo/internal/rutracker/forum.go:211.9,216.4 1 16
digital.vasic.lava.apigo/internal/rutracker/forum.go:218.3,219.20 2 18
digital.vasic.lava.apigo/internal/rutracker/forum.go:219.20,227.58 2 6
digital.vasic.lava.apigo/internal/rutracker/forum.go:227.58,230.5 1 0
digital.vasic.lava.apigo/internal/rutracker/forum.go:231.9,248.74 2 12
digital.vasic.lava.apigo/internal/rutracker/forum.go:248.74,251.5 2 10
digital.vasic.lava.apigo/internal/rutracker/forum.go:252.4,252.80 1 12
digital.vasic.lava.apigo/internal/rutracker/forum.go:252.80,255.5 2 10
digital.vasic.lava.apigo/internal/rutracker/forum.go:256.4,256.61 1 12
digital.vasic.lava.apigo/internal/rutracker/forum.go:256.61,258.5 1 0
digital.vasic.lava.apigo/internal/rutracker/forum.go:260.3,261.52 2 18
digital.vasic.lava.apigo/internal/rutracker/forum.go:263.2,266.24 2 19
digital.vasic.lava.apigo/internal/rutracker/forum.go:266.24,268.3 1 19
digital.vasic.lava.apigo/internal/rutracker/forum.go:270.2,278.23 2 19
digital.vasic.lava.apigo/internal/rutracker/forum.go:278.23,280.3 1 0
digital.vasic.lava.apigo/internal/rutracker/forum.go:280.8,283.3 2 19
digital.vasic.lava.apigo/internal/rutracker/forum.go:284.2,286.17 3 19
digital.vasic.lava.apigo/internal/rutracker/forum.go:291.52,293.70 2 24
digital.vasic.lava.apigo/internal/rutracker/forum.go:293.70,294.29 1 42
digital.vasic.lava.apigo/internal/rutracker/forum.go:294.29,297.4 2 6
digital.vasic.lava.apigo/internal/rutracker/forum.go:298.3,298.14 1 36
digital.vasic.lava.apigo/internal/rutracker/forum.go:300.2,300.14 1 24
digital.vasic.lava.apigo/internal/rutracker/forum.go:306.33,307.13 1 417
digital.vasic.lava.apigo/internal/rutracker/forum.go:307.13,309.3 1 52
digital.vasic.lava.apigo/internal/rutracker/forum.go:310.2,310.11 1 365
digital.vasic.lava.apigo/internal/rutracker/forum.go:318.86,320.16 2 1
digital.vasic.lava.apigo/internal/rutracker/forum.go:320.16,322.3 1 0
digital.vasic.lava.apigo/internal/rutracker/forum.go:323.2,323.19 1 1
digital.vasic.lava.apigo/internal/rutracker/forum.go:323.19,325.3 1 0
digital.vasic.lava.apigo/internal/rutracker/forum.go:326.2,326.25 1 1
digital.vasic.lava.apigo/internal/rutracker/forum.go:333.127,336.30 3 4
digital.vasic.lava.apigo/internal/rutracker/forum.go:336.30,338.3 1 2
digital.vasic.lava.apigo/internal/rutracker/forum.go:339.2,341.16 3 4
digital.vasic.lava.apigo/internal/rutracker/forum.go:341.16,343.3 1 0
digital.vasic.lava.apigo/internal/rutracker/forum.go:344.2,344.19 1 4
digital.vasic.lava.apigo/internal/rutracker/forum.go:344.19,346.3 1 0
digital.vasic.lava.apigo/internal/rutracker/forum.go:347.2,347.41 1 4
digital.vasic.lava.apigo/internal/rutracker/login.go:102.48,106.46 4 9
digital.vasic.lava.apigo/internal/rutracker/login.go:106.46,108.3 1 5
digital.vasic.lava.apigo/internal/rutracker/login.go:109.2,111.35 3 4
digital.vasic.lava.apigo/internal/rutracker/login.go:111.35,113.3 1 3
digital.vasic.lava.apigo/internal/rutracker/login.go:113.8,115.3 1 1
digital.vasic.lava.apigo/internal/rutracker/login.go:116.2,120.3 1 4
digital.vasic.lava.apigo/internal/rutracker/login.go:129.52,130.49 1 12
digital.vasic.lava.apigo/internal/rutracker/login.go:130.49,131.48 1 8
digital.vasic.lava.apigo/internal/rutracker/login.go:131.48,133.4 1 2
digital.vasic.lava.apigo/internal/rutracker/login.go:135.2,135.11 1 10
digital.vasic.lava.apigo/internal/rutracker/login.go:155.90,160.74 5 9
digital.vasic.lava.apigo/internal/rutracker/login.go:160.74,166.3 2 1
digital.vasic.lava.apigo/internal/rutracker/login.go:168.2,169.16 2 9
digital.vasic.lava.apigo/internal/rutracker/login.go:169.16,171.3 1 0
digital.vasic.lava.apigo/internal/rutracker/login.go:172.2,172.19 1 9
digital.vasic.lava.apigo/internal/rutracker/login.go:172.19,178.3 1 0
digital.vasic.lava.apigo/internal/rutracker/login.go:180.2,180.54 1 9
digital.vasic.lava.apigo/internal/rutracker/login.go:180.54,184.17 2 1
digital.vasic.lava.apigo/internal/rutracker/login.go:184.17,186.4 1 0
digital.vasic.lava.apigo/internal/rutracker/login.go:187.3,191.18 2 1
digital.vasic.lava.apigo/internal/rutracker/login.go:191.18,193.4 1 0
digital.vasic.lava.apigo/internal/rutracker/login.go:194.3,194.19 1 1
digital.vasic.lava.apigo/internal/rutracker/login.go:197.2,197.44 1 8
digital.vasic.lava.apigo/internal/rutracker/login.go:197.44,202.3 1 4
digital.vasic.lava.apigo/internal/rutracker/login.go:204.2,205.46 2 4
digital.vasic.lava.apigo/internal/rutracker/login.go:205.46,213.18 2 2
digital.vasic.lava.apigo/internal/rutracker/login.go:213.18,215.4 1 0
digital.vasic.lava.apigo/internal/rutracker/login.go:216.3,216.19 1 2
digital.vasic.lava.apigo/internal/rutracker/login.go:218.2,218.20 1 2
digital.vasic.lava.apigo/internal/rutracker/login.go:218.20,222.3 1 1
digital.vasic.lava.apigo/internal/rutracker/login.go:226.2,230.17 2 1
digital.vasic.lava.apigo/internal/rutracker/login.go:230.17,232.3 1 0
digital.vasic.lava.apigo/internal/rutracker/login.go:233.2,233.18 1 1
digital.vasic.lava.apigo/internal/rutracker/login.go:256.84,258.16 2 3
digital.vasic.lava.apigo/internal/rutracker/login.go:258.16,260.3 1 1
digital.vasic.lava.apigo/internal/rutracker/login.go:261.2,261.19 1 2
digital.vasic.lava.apigo/internal/rutracker/login.go:261.19,263.3 1 0
digital.vasic.lava.apigo/internal/rutracker/login.go:264.2,264.32 1 2
digital.vasic.lava.apigo/internal/rutracker/login.go:282.92,284.16 2 1
digital.vasic.lava.apigo/internal/rutracker/login.go:284.16,286.3 1 0
digital.vasic.lava.apigo/internal/rutracker/login.go:287.2,287.19 1 1
digital.vasic.lava.apigo/internal/rutracker/login.go:287.19,289.3 1 0
digital.vasic.lava.apigo/internal/rutracker/login.go:290.2,291.16 2 1
digital.vasic.lava.apigo/internal/rutracker/login.go:291.16,293.3 1 0
digital.vasic.lava.apigo/internal/rutracker/login.go:294.2,295.18 2 1
digital.vasic.lava.apigo/internal/rutracker/login.go:295.18,297.3 1 0
digital.vasic.lava.apigo/internal/rutracker/login.go:299.2,304.16 6 1
digital.vasic.lava.apigo/internal/rutracker/login.go:304.16,306.3 1 0
digital.vasic.lava.apigo/internal/rutracker/login.go:307.2,307.20 1 1
digital.vasic.lava.apigo/internal/rutracker/login.go:307.20,309.3 1 0
digital.vasic.lava.apigo/internal/rutracker/login.go:310.2,311.16 2 1
digital.vasic.lava.apigo/internal/rutracker/login.go:311.16,313.3 1 0
digital.vasic.lava.apigo/internal/rutracker/login.go:314.2,318.8 1 1
digital.vasic.lava.apigo/internal/rutracker/post.go:51.63,53.33 2 98
digital.vasic.lava.apigo/internal/rutracker/post.go:53.33,55.3 1 0
digital.vasic.lava.apigo/internal/rutracker/post.go:56.2,57.12 2 98
digital.vasic.lava.apigo/internal/rutracker/post.go:61.77,62.51 1 98
digital.vasic.lava.apigo/internal/rutracker/post.go:62.51,64.3 1 98
digital.vasic.lava.apigo/internal/rutracker/post.go:71.70,72.35 1 545
digital.vasic.lava.apigo/internal/rutracker/post.go:72.35,74.3 1 3
digital.vasic.lava.apigo/internal/rutracker/post.go:75.2,76.17 2 542
digital.vasic.lava.apigo/internal/rutracker/post.go:76.17,78.3 1 0
digital.vasic.lava.apigo/internal/rutracker/post.go:79.2,79.28 1 542
digital.vasic.lava.apigo/internal/rutracker/post.go:79.28,82.57 1 530
digital.vasic.lava.apigo/internal/rutracker/post.go:82.57,84.4 1 915
digital.vasic.lava.apigo/internal/rutracker/post.go:85.3,85.9 1 530
digital.vasic.lava.apigo/internal/rutracker/post.go:87.2,87.48 1 12
digital.vasic.lava.apigo/internal/rutracker/post.go:87.48,89.3 1 0
digital.vasic.lava.apigo/internal/rutracker/post.go:94.58,95.16 1 915
digital.vasic.lava.apigo/internal/rutracker/post.go:96.24,97.36 1 457
digital.vasic.lava.apigo/internal/rutracker/post.go:98.21,99.20 1 450
digital.vasic.lava.apigo/internal/rutracker/post.go:110.48,112.2 1 457
digital.vasic.lava.apigo/internal/rutracker/post.go:116.73,117.37 1 457
digital.vasic.lava.apigo/internal/rutracker/post.go:117.37,119.3 1 0
digital.vasic.lava.apigo/internal/rutracker/post.go:122.2,122.63 1 457
digital.vasic.lava.apigo/internal/rutracker/post.go:122.63,123.44 1 9
digital.vasic.lava.apigo/internal/rutracker/post.go:124.23,125.62 1 4
digital.vasic.lava.apigo/internal/rutracker/post.go:125.62,127.5 1 4
digital.vasic.lava.apigo/internal/rutracker/post.go:128.4,128.10 1 4
digital.vasic.lava.apigo/internal/rutracker/post.go:129.18,130.56 1 1
digital.vasic.lava.apigo/internal/rutracker/post.go:130.56,132.5 1 1
digital.vasic.lava.apigo/internal/rutracker/post.go:133.4,133.10 1 1
digital.vasic.lava.apigo/internal/rutracker/post.go:134.19,135.58 1 3
digital.vasic.lava.apigo/internal/rutracker/post.go:135.58,137.5 1 3
digital.vasic.lava.apigo/internal/rutracker/post.go:138.4,138.10 1 3
digital.vasic.lava.apigo/internal/rutracker/post.go:139.12,142.10 2 1
digital.vasic.lava.apigo/internal/rutracker/post.go:147.2,147.9 1 448
digital.vasic.lava.apigo/internal/rutracker/post.go:148.31,150.50 1 1
digital.vasic.lava.apigo/internal/rutracker/post.go:150.50,152.4 1 1
digital.vasic.lava.apigo/internal/rutracker/post.go:153.30,154.47 1 202
digital.vasic.lava.apigo/internal/rutracker/post.go:154.47,156.4 1 202
digital.vasic.lava.apigo/internal/rutracker/post.go:157.30,158.49 1 2
digital.vasic.lava.apigo/internal/rutracker/post.go:158.49,160.4 1 2
digital.vasic.lava.apigo/internal/rutracker/post.go:161.30,162.53 1 1
digital.vasic.lava.apigo/internal/rutracker/post.go:162.53,164.4 1 1
digital.vasic.lava.apigo/internal/rutracker/post.go:165.30,166.50 1 1
digital.vasic.lava.apigo/internal/rutracker/post.go:166.50,168.4 1 1
digital.vasic.lava.apigo/internal/rutracker/post.go:169.32,171.53 2 1
digital.vasic.lava.apigo/internal/rutracker/post.go:171.53,173.4 1 1
digital.vasic.lava.apigo/internal/rutracker/post.go:174.31,176.37 2 6
digital.vasic.lava.apigo/internal/rutracker/post.go:176.37,179.4 2 5
digital.vasic.lava.apigo/internal/rutracker/post.go:179.9,181.4 1 1
digital.vasic.lava.apigo/internal/rutracker/post.go:182.31,183.48 1 1
digital.vasic.lava.apigo/internal/rutracker/post.go:183.48,185.4 1 1
digital.vasic.lava.apigo/internal/rutracker/post.go:186.30,189.53 3 2
digital.vasic.lava.apigo/internal/rutracker/post.go:189.53,191.4 1 2
digital.vasic.lava.apigo/internal/rutracker/post.go:192.31,195.56 3 2
digital.vasic.lava.apigo/internal/rutracker/post.go:195.56,197.4 1 2
digital.vasic.lava.apigo/internal/rutracker/post.go:198.30,212.59 5 2
digital.vasic.lava.apigo/internal/rutracker/post.go:212.59,214.4 1 2
digital.vasic.lava.apigo/internal/rutracker/post.go:215.31,216.10 1 1
digital.vasic.lava.apigo/internal/rutracker/post.go:217.31,218.14 1 1
digital.vasic.lava.apigo/internal/rutracker/post.go:219.10,222.14 2 225
digital.vasic.lava.apigo/internal/rutracker/post.go:223.13,224.11 1 1
digital.vasic.lava.apigo/internal/rutracker/post.go:225.13,226.11 1 1
digital.vasic.lava.apigo/internal/rutracker/post.go:227.11,228.27 1 223
digital.vasic.lava.apigo/internal/rutracker/post.go:235.93,236.9 1 5
digital.vasic.lava.apigo/internal/rutracker/post.go:237.32,238.19 1 1
digital.vasic.lava.apigo/internal/rutracker/post.go:239.31,240.17 1 1
digital.vasic.lava.apigo/internal/rutracker/post.go:241.33,242.17 1 2
digital.vasic.lava.apigo/internal/rutracker/post.go:243.34,244.20 1 1
digital.vasic.lava.apigo/internal/rutracker/post.go:245.10,246.19 1 0
digital.vasic.lava.apigo/internal/rutracker/post.go:252.52,255.26 3 450
digital.vasic.lava.apigo/internal/rutracker/post.go:255.26,256.33 1 890
digital.vasic.lava.apigo/internal/rutracker/post.go:256.33,258.4 1 180
digital.vasic.lava.apigo/internal/rutracker/post.go:260.2,260.27 1 450
digital.vasic.lava.apigo/internal/rutracker/post.go:260.27,265.18 2 180
digital.vasic.lava.apigo/internal/rutracker/post.go:265.18,267.4 1 180
digital.vasic.lava.apigo/internal/rutracker/post.go:268.3,268.25 1 180
digital.vasic.lava.apigo/internal/rutracker/post.go:268.25,270.4 1 2
digital.vasic.lava.apigo/internal/rutracker/post.go:276.40,278.78 2 3
digital.vasic.lava.apigo/internal/rutracker/post.go:278.78,280.3 1 3
digital.vasic.lava.apigo/internal/rutracker/post.go:283.36,283.51 1 1
digital.vasic.lava.apigo/internal/rutracker/post.go:285.36,287.78 2 2
digital.vasic.lava.apigo/internal/rutracker/post.go:287.78,289.3 1 2
digital.vasic.lava.apigo/internal/rutracker/post.go:292.40,294.90 2 1
digital.vasic.lava.apigo/internal/rutracker/post.go:294.90,296.3 1 1
digital.vasic.lava.apigo/internal/rutracker/post.go:305.117,313.17 4 4
digital.vasic.lava.apigo/internal/rutracker/post.go:313.17,315.3 1 4
digital.vasic.lava.apigo/internal/rutracker/post.go:318.85,326.17 4 1
digital.vasic.lava.apigo/internal/rutracker/post.go:326.17,328.3 1 1
digital.vasic.lava.apigo/internal/rutracker/post.go:331.94,339.17 4 3
digital.vasic.lava.apigo/internal/rutracker/post.go:339.17,341.3 1 3
digital.vasic.lava.apigo/internal/rutracker/post.go:344.75,351.17 4 202
digital.vasic.lava.apigo/internal/rutracker/post.go:351.17,353.3 1 202
digital.vasic.lava.apigo/internal/rutracker/post.go:356.77,363.17 4 2
digital.vasic.lava.apigo/internal/rutracker/post.go:363.17,365.3 1 2
digital.vasic.lava.apigo/internal/rutracker/post.go:368.81,375.17 4 1
digital.vasic.lava.apigo/internal/rutracker/post.go:375.17,377.3 1 1
digital.vasic.lava.apigo/internal/rutracker/post.go:380.78,387.17 4 1
digital.vasic.lava.apigo/internal/rutracker/post.go:387.17,389.3 1 1
digital.vasic.lava.apigo/internal/rutracker/post.go:392.78,399.17 4 1
digital.vasic.lava.apigo/internal/rutracker/post.go:399.17,401.3 1 1
digital.vasic.lava.apigo/internal/rutracker/post.go:404.76,411.17 4 1
digital.vasic.lava.apigo/internal/rutracker/post.go:411.17,413.3 1 1
digital.vasic.lava.apigo/internal/rutracker/post.go:416.89,424.17 4 2
digital.vasic.lava.apigo/internal/rutracker/post.go:424.17,426.3 1 2
digital.vasic.lava.apigo/internal/rutracker/post.go:429.92,437.17 4 2
digital.vasic.lava.apigo/internal/rutracker/post.go:437.17,439.3 1 2
digital.vasic.lava.apigo/internal/rutracker/post.go:442.94,451.17 4 2
digital.vasic.lava.apigo/internal/rutracker/post.go:451.17,453.3 1 2
digital.vasic.lava.apigo/internal/rutracker/post.go:456.87,464.17 4 1
digital.vasic.lava.apigo/internal/rutracker/post.go:464.17,466.3 1 1
digital.vasic.lava.apigo/internal/rutracker/post.go:469.51,474.17 2 1
digital.vasic.lava.apigo/internal/rutracker/post.go:474.17,476.3 1 1
digital.vasic.lava.apigo/internal/rutracker/post.go:479.106,485.17 2 5
digital.vasic.lava.apigo/internal/rutracker/post.go:485.17,487.3 1 5
digital.vasic.lava.apigo/internal/rutracker/post.go:498.36,498.37 0 0
digital.vasic.lava.apigo/internal/rutracker/post.go:499.36,499.37 0 0
digital.vasic.lava.apigo/internal/rutracker/post.go:500.36,500.37 0 0
digital.vasic.lava.apigo/internal/rutracker/post.go:506.41,509.26 3 9
digital.vasic.lava.apigo/internal/rutracker/post.go:509.26,510.33 1 10
digital.vasic.lava.apigo/internal/rutracker/post.go:510.33,511.12 1 0
digital.vasic.lava.apigo/internal/rutracker/post.go:513.3,514.21 2 10
digital.vasic.lava.apigo/internal/rutracker/post.go:514.21,515.12 1 0
digital.vasic.lava.apigo/internal/rutracker/post.go:517.3,517.64 1 10
digital.vasic.lava.apigo/internal/rutracker/post.go:519.2,519.35 1 9
digital.vasic.lava.apigo/internal/rutracker/post.go:519.35,524.47 2 5
digital.vasic.lava.apigo/internal/rutracker/post.go:525.53,526.74 1 4
digital.vasic.lava.apigo/internal/rutracker/post.go:528.3,528.13 1 1
digital.vasic.lava.apigo/internal/rutracker/post.go:530.2,530.34 1 4
digital.vasic.lava.apigo/internal/rutracker/post.go:530.34,533.19 2 1
digital.vasic.lava.apigo/internal/rutracker/post.go:533.19,535.4 1 0
digital.vasic.lava.apigo/internal/rutracker/post.go:536.3,537.17 2 1
digital.vasic.lava.apigo/internal/rutracker/post.go:537.17,543.4 1 0
digital.vasic.lava.apigo/internal/rutracker/post.go:544.3,544.35 1 1
digital.vasic.lava.apigo/internal/rutracker/post.go:546.2,546.30 1 3
digital.vasic.lava.apigo/internal/rutracker/post.go:546.30,547.32 1 3
digital.vasic.lava.apigo/internal/rutracker/post.go:547.32,561.18 3 1
digital.vasic.lava.apigo/internal/rutracker/post.go:561.18,568.5 1 0
digital.vasic.lava.apigo/internal/rutracker/post.go:569.4,573.19 2 1
digital.vasic.lava.apigo/internal/rutracker/post.go:573.19,575.5 1 0
digital.vasic.lava.apigo/internal/rutracker/post.go:576.4,576.32 1 1
digital.vasic.lava.apigo/internal/rutracker/post.go:578.3,582.18 2 2
digital.vasic.lava.apigo/internal/rutracker/post.go:582.18,584.4 1 0
digital.vasic.lava.apigo/internal/rutracker/post.go:585.3,585.31 1 2
digital.vasic.lava.apigo/internal/rutracker/post.go:587.2,587.12 1 0
digital.vasic.lava.apigo/internal/rutracker/post.go:594.34,595.13 1 5
digital.vasic.lava.apigo/internal/rutracker/post.go:595.13,597.3 1 0
digital.vasic.lava.apigo/internal/rutracker/post.go:598.2,599.34 2 5
digital.vasic.lava.apigo/internal/rutracker/post.go:599.34,601.3 1 5
digital.vasic.lava.apigo/internal/rutracker/post.go:602.2,603.29 2 5
digital.vasic.lava.apigo/internal/rutracker/post.go:607.34,610.30 3 1
digital.vasic.lava.apigo/internal/rutracker/post.go:610.30,611.33 1 4
digital.vasic.lava.apigo/internal/rutracker/post.go:611.33,613.4 1 2
digital.vasic.lava.apigo/internal/rutracker/post.go:615.2,615.19 1 1
digital.vasic.lava.apigo/internal/rutracker/provider.go:27.58,29.2 1 0
digital.vasic.lava.apigo/internal/rutracker/provider.go:32.39,32.61 1 0
digital.vasic.lava.apigo/internal/rutracker/provider.go:35.48,35.70 1 0
digital.vasic.lava.apigo/internal/rutracker/provider.go:38.72,52.2 1 0
digital.vasic.lava.apigo/internal/rutracker/provider.go:55.56,55.92 1 0
digital.vasic.lava.apigo/internal/rutracker/provider.go:58.45,58.70 1 0
digital.vasic.lava.apigo/internal/rutracker/provider.go:63.140,67.16 4 0
digital.vasic.lava.apigo/internal/rutracker/provider.go:67.16,69.3 1 0
digital.vasic.lava.apigo/internal/rutracker/provider.go:70.2,70.34 1 0
digital.vasic.lava.apigo/internal/rutracker/provider.go:74.143,77.11 3 0
digital.vasic.lava.apigo/internal/rutracker/provider.go:77.11,79.3 1 0
digital.vasic.lava.apigo/internal/rutracker/provider.go:80.2,81.16 2 0
digital.vasic.lava.apigo/internal/rutracker/provider.go:81.16,83.3 1 0
digital.vasic.lava.apigo/internal/rutracker/provider.go:84.2,84.39 1 0
digital.vasic.lava.apigo/internal/rutracker/provider.go:88.117,91.16 3 0
digital.vasic.lava.apigo/internal/rutracker/provider.go:91.16,93.3 1 0
digital.vasic.lava.apigo/internal/rutracker/provider.go:94.2,94.33 1 0
digital.vasic.lava.apigo/internal/rutracker/provider.go:98.136,101.11 3 0
digital.vasic.lava.apigo/internal/rutracker/provider.go:101.11,103.3 1 0
digital.vasic.lava.apigo/internal/rutracker/provider.go:104.2,105.16 2 0
digital.vasic.lava.apigo/internal/rutracker/provider.go:105.16,107.3 1 0
digital.vasic.lava.apigo/internal/rutracker/provider.go:108.2,108.31 1 0
digital.vasic.lava.apigo/internal/rutracker/provider.go:112.130,115.16 3 0
digital.vasic.lava.apigo/internal/rutracker/provider.go:115.16,117.3 1 0
digital.vasic.lava.apigo/internal/rutracker/provider.go:118.2,124.8 1 0
digital.vasic.lava.apigo/internal/rutracker/provider.go:128.131,131.16 3 0
digital.vasic.lava.apigo/internal/rutracker/provider.go:131.16,133.3 1 0
digital.vasic.lava.apigo/internal/rutracker/provider.go:134.2,140.8 1 0
digital.vasic.lava.apigo/internal/rutracker/provider.go:146.142,149.11 3 0
digital.vasic.lava.apigo/internal/rutracker/provider.go:149.11,151.3 1 0
digital.vasic.lava.apigo/internal/rutracker/provider.go:152.2,153.16 2 0
digital.vasic.lava.apigo/internal/rutracker/provider.go:153.16,155.3 1 0
digital.vasic.lava.apigo/internal/rutracker/provider.go:156.2,156.34 1 0
digital.vasic.lava.apigo/internal/rutracker/provider.go:160.120,163.16 3 0
digital.vasic.lava.apigo/internal/rutracker/provider.go:163.16,165.3 1 0
digital.vasic.lava.apigo/internal/rutracker/provider.go:166.2,166.16 1 0
digital.vasic.lava.apigo/internal/rutracker/provider.go:170.123,173.16 3 0
digital.vasic.lava.apigo/internal/rutracker/provider.go:173.16,175.3 1 0
digital.vasic.lava.apigo/internal/rutracker/provider.go:176.2,176.35 1 0
digital.vasic.lava.apigo/internal/rutracker/provider.go:180.112,183.16 3 0
digital.vasic.lava.apigo/internal/rutracker/provider.go:183.16,185.3 1 0
digital.vasic.lava.apigo/internal/rutracker/provider.go:186.2,186.16 1 0
digital.vasic.lava.apigo/internal/rutracker/provider.go:190.115,193.16 3 0
digital.vasic.lava.apigo/internal/rutracker/provider.go:193.16,195.3 1 0
digital.vasic.lava.apigo/internal/rutracker/provider.go:196.2,196.16 1 0
digital.vasic.lava.apigo/internal/rutracker/provider.go:202.99,205.16 3 0
digital.vasic.lava.apigo/internal/rutracker/provider.go:205.16,207.3 1 0
digital.vasic.lava.apigo/internal/rutracker/provider.go:208.2,208.16 1 0
digital.vasic.lava.apigo/internal/rutracker/provider.go:212.110,217.53 2 0
digital.vasic.lava.apigo/internal/rutracker/provider.go:217.53,228.3 4 0
digital.vasic.lava.apigo/internal/rutracker/provider.go:229.2,230.16 2 0
digital.vasic.lava.apigo/internal/rutracker/provider.go:230.16,232.3 1 0
digital.vasic.lava.apigo/internal/rutracker/provider.go:235.2,236.16 2 0
digital.vasic.lava.apigo/internal/rutracker/provider.go:236.16,243.3 1 0
digital.vasic.lava.apigo/internal/rutracker/provider.go:244.2,247.8 1 0
digital.vasic.lava.apigo/internal/rutracker/provider.go:251.106,253.16 2 0
digital.vasic.lava.apigo/internal/rutracker/provider.go:253.16,255.3 1 0
digital.vasic.lava.apigo/internal/rutracker/provider.go:256.2,259.8 1 0
digital.vasic.lava.apigo/internal/rutracker/provider.go:265.92,268.16 2 0
digital.vasic.lava.apigo/internal/rutracker/provider.go:268.16,272.3 1 0
digital.vasic.lava.apigo/internal/rutracker/provider.go:273.2,273.51 1 0
digital.vasic.lava.apigo/internal/rutracker/provider.go:279.53,280.27 1 0
digital.vasic.lava.apigo/internal/rutracker/provider.go:280.27,282.3 1 0
digital.vasic.lava.apigo/internal/rutracker/provider.go:283.2,283.11 1 0
digital.vasic.lava.apigo/internal/rutracker/provider.go:287.32,288.9 1 0
digital.vasic.lava.apigo/internal/rutracker/provider.go:289.35,290.30 1 0
digital.vasic.lava.apigo/internal/rutracker/provider.go:291.36,292.31 1 0
digital.vasic.lava.apigo/internal/rutracker/provider.go:293.39,294.34 1 0
digital.vasic.lava.apigo/internal/rutracker/provider.go:295.38,296.33 1 0
digital.vasic.lava.apigo/internal/rutracker/provider.go:297.33,298.28 1 0
digital.vasic.lava.apigo/internal/rutracker/provider.go:299.34,300.29 1 0
digital.vasic.lava.apigo/internal/rutracker/provider.go:301.10,302.13 1 0
digital.vasic.lava.apigo/internal/rutracker/provider.go:308.51,312.18 3 0
digital.vasic.lava.apigo/internal/rutracker/provider.go:312.18,313.64 1 0
digital.vasic.lava.apigo/internal/rutracker/provider.go:313.64,316.40 3 0
digital.vasic.lava.apigo/internal/rutracker/provider.go:316.40,318.5 1 0
digital.vasic.lava.apigo/internal/rutracker/provider.go:319.4,319.24 1 0
digital.vasic.lava.apigo/internal/rutracker/provider.go:321.3,321.6 1 0
digital.vasic.lava.apigo/internal/rutracker/provider.go:323.2,323.11 1 0
digital.vasic.lava.apigo/internal/rutracker/provider.go:328.65,330.22 2 0
digital.vasic.lava.apigo/internal/rutracker/provider.go:330.22,333.3 2 0
digital.vasic.lava.apigo/internal/rutracker/provider.go:334.2,334.19 1 0
digital.vasic.lava.apigo/internal/rutracker/provider.go:334.19,337.3 2 0
digital.vasic.lava.apigo/internal/rutracker/provider.go:338.2,338.21 1 0
digital.vasic.lava.apigo/internal/rutracker/provider.go:338.21,341.3 2 0
digital.vasic.lava.apigo/internal/rutracker/provider.go:342.2,342.22 1 0
digital.vasic.lava.apigo/internal/rutracker/provider.go:342.22,345.3 2 0
digital.vasic.lava.apigo/internal/rutracker/provider.go:346.2,346.25 1 0
digital.vasic.lava.apigo/internal/rutracker/provider.go:346.25,349.3 2 0
digital.vasic.lava.apigo/internal/rutracker/provider.go:350.2,350.11 1 0
digital.vasic.lava.apigo/internal/rutracker/provider.go:353.69,360.34 2 0
digital.vasic.lava.apigo/internal/rutracker/provider.go:360.34,362.3 1 0
digital.vasic.lava.apigo/internal/rutracker/provider.go:363.2,363.12 1 0
digital.vasic.lava.apigo/internal/rutracker/provider.go:366.69,371.19 2 0
digital.vasic.lava.apigo/internal/rutracker/provider.go:371.19,373.3 1 0
digital.vasic.lava.apigo/internal/rutracker/provider.go:374.2,374.20 1 0
digital.vasic.lava.apigo/internal/rutracker/provider.go:374.20,376.3 1 0
digital.vasic.lava.apigo/internal/rutracker/provider.go:377.2,377.22 1 0
digital.vasic.lava.apigo/internal/rutracker/provider.go:377.22,379.3 1 0
digital.vasic.lava.apigo/internal/rutracker/provider.go:380.2,380.25 1 0
digital.vasic.lava.apigo/internal/rutracker/provider.go:380.25,382.3 1 0
digital.vasic.lava.apigo/internal/rutracker/provider.go:383.2,383.13 1 0
digital.vasic.lava.apigo/internal/rutracker/provider.go:386.73,391.24 2 0
digital.vasic.lava.apigo/internal/rutracker/provider.go:391.24,393.34 2 0
digital.vasic.lava.apigo/internal/rutracker/provider.go:393.34,394.62 1 0
digital.vasic.lava.apigo/internal/rutracker/provider.go:394.62,396.5 1 0
digital.vasic.lava.apigo/internal/rutracker/provider.go:399.2,399.12 1 0
digital.vasic.lava.apigo/internal/rutracker/provider.go:402.60,407.35 2 0
digital.vasic.lava.apigo/internal/rutracker/provider.go:407.35,409.3 1 0
digital.vasic.lava.apigo/internal/rutracker/provider.go:410.2,410.12 1 0
digital.vasic.lava.apigo/internal/rutracker/provider.go:413.64,417.17 2 0
digital.vasic.lava.apigo/internal/rutracker/provider.go:417.17,419.3 1 0
digital.vasic.lava.apigo/internal/rutracker/provider.go:420.2,420.23 1 0
digital.vasic.lava.apigo/internal/rutracker/provider.go:420.23,422.34 2 0
digital.vasic.lava.apigo/internal/rutracker/provider.go:422.34,424.4 1 0
digital.vasic.lava.apigo/internal/rutracker/provider.go:426.2,426.12 1 0
digital.vasic.lava.apigo/internal/rutracker/provider.go:429.64,435.27 2 0
digital.vasic.lava.apigo/internal/rutracker/provider.go:435.27,436.39 1 0
digital.vasic.lava.apigo/internal/rutracker/provider.go:436.39,438.4 1 0
digital.vasic.lava.apigo/internal/rutracker/provider.go:439.3,439.33 1 0
digital.vasic.lava.apigo/internal/rutracker/provider.go:439.33,441.4 1 0
digital.vasic.lava.apigo/internal/rutracker/provider.go:443.2,443.12 1 0
digital.vasic.lava.apigo/internal/rutracker/provider.go:446.73,453.29 2 0
digital.vasic.lava.apigo/internal/rutracker/provider.go:453.29,459.3 1 0
digital.vasic.lava.apigo/internal/rutracker/provider.go:460.2,460.12 1 0
digital.vasic.lava.apigo/internal/rutracker/provider.go:463.72,468.31 2 0
digital.vasic.lava.apigo/internal/rutracker/provider.go:468.31,469.61 1 0
digital.vasic.lava.apigo/internal/rutracker/provider.go:469.61,471.4 1 0
digital.vasic.lava.apigo/internal/rutracker/provider.go:473.2,473.12 1 0
digital.vasic.lava.apigo/internal/rutracker/search.go:72.63,74.16 2 16
digital.vasic.lava.apigo/internal/rutracker/search.go:74.16,76.3 1 0
digital.vasic.lava.apigo/internal/rutracker/search.go:77.2,82.62 5 16
digital.vasic.lava.apigo/internal/rutracker/search.go:82.62,89.20 4 12
digital.vasic.lava.apigo/internal/rutracker/search.go:89.20,92.4 2 3
digital.vasic.lava.apigo/internal/rutracker/search.go:94.3,128.21 17 12
digital.vasic.lava.apigo/internal/rutracker/search.go:128.21,129.64 1 9
digital.vasic.lava.apigo/internal/rutracker/search.go:129.64,131.5 1 9
digital.vasic.lava.apigo/internal/rutracker/search.go:134.3,152.73 4 12
digital.vasic.lava.apigo/internal/rutracker/search.go:152.73,155.4 2 10
digital.vasic.lava.apigo/internal/rutracker/search.go:156.3,156.79 1 12
digital.vasic.lava.apigo/internal/rutracker/search.go:156.79,159.4 2 10
digital.vasic.lava.apigo/internal/rutracker/search.go:160.3,160.34 1 12
digital.vasic.lava.apigo/internal/rutracker/search.go:163.2,167.8 1 16
digital.vasic.lava.apigo/internal/rutracker/search.go:172.58,173.11 1 1
digital.vasic.lava.apigo/internal/rutracker/search.go:174.33,175.13 1 0
digital.vasic.lava.apigo/internal/rutracker/search.go:176.34,177.13 1 0
digital.vasic.lava.apigo/internal/rutracker/search.go:178.39,179.13 1 0
digital.vasic.lava.apigo/internal/rutracker/search.go:180.33,181.13 1 1
digital.vasic.lava.apigo/internal/rutracker/search.go:182.34,183.14 1 0
digital.vasic.lava.apigo/internal/rutracker/search.go:184.36,185.14 1 0
digital.vasic.lava.apigo/internal/rutracker/search.go:186.10,187.12 1 0
digital.vasic.lava.apigo/internal/rutracker/search.go:193.60,194.11 1 1
digital.vasic.lava.apigo/internal/rutracker/search.go:195.21,196.13 1 0
digital.vasic.lava.apigo/internal/rutracker/search.go:197.22,198.13 1 1
digital.vasic.lava.apigo/internal/rutracker/search.go:199.10,200.12 1 0
digital.vasic.lava.apigo/internal/rutracker/search.go:206.54,207.11 1 1
digital.vasic.lava.apigo/internal/rutracker/search.go:208.19,209.14 1 0
digital.vasic.lava.apigo/internal/rutracker/search.go:210.17,211.13 1 0
digital.vasic.lava.apigo/internal/rutracker/search.go:212.25,213.13 1 0
digital.vasic.lava.apigo/internal/rutracker/search.go:214.20,215.13 1 1
digital.vasic.lava.apigo/internal/rutracker/search.go:216.24,217.14 1 0
digital.vasic.lava.apigo/internal/rutracker/search.go:218.21,219.14 1 0
digital.vasic.lava.apigo/internal/rutracker/search.go:220.10,221.12 1 0
digital.vasic.lava.apigo/internal/rutracker/search.go:229.113,234.18 1 2
digital.vasic.lava.apigo/internal/rutracker/search.go:234.18,236.3 1 0
digital.vasic.lava.apigo/internal/rutracker/search.go:237.2,238.23 2 2
digital.vasic.lava.apigo/internal/rutracker/search.go:238.23,240.3 1 1
digital.vasic.lava.apigo/internal/rutracker/search.go:241.2,241.28 1 2
digital.vasic.lava.apigo/internal/rutracker/search.go:241.28,243.3 1 1
digital.vasic.lava.apigo/internal/rutracker/search.go:244.2,244.24 1 2
digital.vasic.lava.apigo/internal/rutracker/search.go:244.24,246.3 1 1
digital.vasic.lava.apigo/internal/rutracker/search.go:247.2,247.26 1 2
digital.vasic.lava.apigo/internal/rutracker/search.go:247.26,249.3 1 1
digital.vasic.lava.apigo/internal/rutracker/search.go:250.2,250.26 1 2
digital.vasic.lava.apigo/internal/rutracker/search.go:250.26,251.56 1 1
digital.vasic.lava.apigo/internal/rutracker/search.go:251.56,253.4 1 1
digital.vasic.lava.apigo/internal/rutracker/search.go:255.2,255.27 1 2
digital.vasic.lava.apigo/internal/rutracker/search.go:255.27,256.58 1 1
digital.vasic.lava.apigo/internal/rutracker/search.go:256.58,258.4 1 1
digital.vasic.lava.apigo/internal/rutracker/search.go:260.2,260.24 1 2
digital.vasic.lava.apigo/internal/rutracker/search.go:260.24,261.52 1 1
digital.vasic.lava.apigo/internal/rutracker/search.go:261.52,263.4 1 1
digital.vasic.lava.apigo/internal/rutracker/search.go:265.2,265.40 1 2
digital.vasic.lava.apigo/internal/rutracker/search.go:265.40,267.3 1 1
digital.vasic.lava.apigo/internal/rutracker/search.go:269.2,270.42 2 2
digital.vasic.lava.apigo/internal/rutracker/search.go:270.42,272.3 1 1
digital.vasic.lava.apigo/internal/rutracker/search.go:273.2,274.16 2 2
digital.vasic.lava.apigo/internal/rutracker/search.go:274.16,276.3 1 0
digital.vasic.lava.apigo/internal/rutracker/search.go:277.2,277.19 1 2
digital.vasic.lava.apigo/internal/rutracker/search.go:277.19,279.3 1 0
digital.vasic.lava.apigo/internal/rutracker/search.go:280.2,280.30 1 2
digital.vasic.lava.apigo/internal/rutracker/topic.go:39.61,41.16 2 20
digital.vasic.lava.apigo/internal/rutracker/topic.go:41.16,43.3 1 0
digital.vasic.lava.apigo/internal/rutracker/topic.go:45.2,53.28 8 20
digital.vasic.lava.apigo/internal/rutracker/topic.go:53.28,56.3 2 12
digital.vasic.lava.apigo/internal/rutracker/topic.go:58.2,62.44 5 20
digital.vasic.lava.apigo/internal/rutracker/topic.go:62.44,68.3 2 12
digital.vasic.lava.apigo/internal/rutracker/topic.go:70.2,77.69 6 20
digital.vasic.lava.apigo/internal/rutracker/topic.go:77.69,79.3 1 19
digital.vasic.lava.apigo/internal/rutracker/topic.go:81.2,92.8 1 20
digital.vasic.lava.apigo/internal/rutracker/topic.go:97.65,105.2 3 12
digital.vasic.lava.apigo/internal/rutracker/topic.go:110.109,119.50 7 20
digital.vasic.lava.apigo/internal/rutracker/topic.go:119.50,121.3 1 6
digital.vasic.lava.apigo/internal/rutracker/topic.go:121.8,123.3 1 14
digital.vasic.lava.apigo/internal/rutracker/topic.go:125.2,127.48 3 20
digital.vasic.lava.apigo/internal/rutracker/topic.go:127.48,130.3 2 12
digital.vasic.lava.apigo/internal/rutracker/topic.go:132.2,137.80 2 20
digital.vasic.lava.apigo/internal/rutracker/topic.go:137.80,139.3 1 12
digital.vasic.lava.apigo/internal/rutracker/topic.go:141.2,151.72 2 8
digital.vasic.lava.apigo/internal/rutracker/topic.go:151.72,154.3 2 8
digital.vasic.lava.apigo/internal/rutracker/topic.go:155.2,155.78 1 8
digital.vasic.lava.apigo/internal/rutracker/topic.go:155.78,158.3 2 8
digital.vasic.lava.apigo/internal/rutracker/topic.go:159.2,159.11 1 8
digital.vasic.lava.apigo/internal/rutracker/topic.go:164.116,166.16 2 1
digital.vasic.lava.apigo/internal/rutracker/topic.go:166.16,168.3 1 0
digital.vasic.lava.apigo/internal/rutracker/topic.go:169.2,169.29 1 1
digital.vasic.lava.apigo/internal/rutracker/topic.go:183.113,185.16 2 4
digital.vasic.lava.apigo/internal/rutracker/topic.go:185.16,187.3 1 2
digital.vasic.lava.apigo/internal/rutracker/topic.go:189.2,190.46 2 2
digital.vasic.lava.apigo/internal/rutracker/topic.go:190.46,192.18 2 1
digital.vasic.lava.apigo/internal/rutracker/topic.go:192.18,194.4 1 0
digital.vasic.lava.apigo/internal/rutracker/topic.go:195.3,195.64 1 1
digital.vasic.lava.apigo/internal/rutracker/topic.go:195.64,197.4 1 0
digital.vasic.lava.apigo/internal/rutracker/topic.go:198.3,198.18 1 1
digital.vasic.lava.apigo/internal/rutracker/topic.go:201.2,202.17 2 1
digital.vasic.lava.apigo/internal/rutracker/topic.go:202.17,204.3 1 0
digital.vasic.lava.apigo/internal/rutracker/topic.go:205.2,205.63 1 1
digital.vasic.lava.apigo/internal/rutracker/topic.go:205.63,207.3 1 0
digital.vasic.lava.apigo/internal/rutracker/topic.go:208.2,208.17 1 1
digital.vasic.lava.apigo/internal/rutracker/topic_predicates.go:17.38,21.2 1 16
digital.vasic.lava.apigo/internal/rutracker/topic_predicates.go:26.43,28.2 1 10
digital.vasic.lava.apigo/internal/rutracker/topic_predicates.go:32.41,34.2 1 13
digital.vasic.lava.apigo/internal/rutracker/torrent.go:57.67,59.16 2 21
digital.vasic.lava.apigo/internal/rutracker/torrent.go:59.16,61.3 1 0
digital.vasic.lava.apigo/internal/rutracker/torrent.go:63.2,74.41 9 21
digital.vasic.lava.apigo/internal/rutracker/torrent.go:74.41,82.3 4 11
digital.vasic.lava.apigo/internal/rutracker/torrent.go:85.2,89.44 5 21
digital.vasic.lava.apigo/internal/rutracker/torrent.go:89.44,95.3 2 13
digital.vasic.lava.apigo/internal/rutracker/torrent.go:97.2,110.56 8 21
digital.vasic.lava.apigo/internal/rutracker/torrent.go:110.56,112.3 1 11
digital.vasic.lava.apigo/internal/rutracker/torrent.go:112.8,114.3 1 10
digital.vasic.lava.apigo/internal/rutracker/torrent.go:116.2,132.72 3 21
digital.vasic.lava.apigo/internal/rutracker/torrent.go:132.72,135.3 2 11
digital.vasic.lava.apigo/internal/rutracker/torrent.go:136.2,136.78 1 21
digital.vasic.lava.apigo/internal/rutracker/torrent.go:136.78,139.3 2 11
digital.vasic.lava.apigo/internal/rutracker/torrent.go:140.2,140.17 1 21
digital.vasic.lava.apigo/internal/rutracker/torrent.go:149.69,151.16 2 25
digital.vasic.lava.apigo/internal/rutracker/torrent.go:151.16,157.3 1 0
digital.vasic.lava.apigo/internal/rutracker/torrent.go:158.2,159.29 2 25
digital.vasic.lava.apigo/internal/rutracker/torrent.go:159.29,161.3 1 12
digital.vasic.lava.apigo/internal/rutracker/torrent.go:162.2,163.24 2 13
digital.vasic.lava.apigo/internal/rutracker/torrent.go:163.24,165.3 1 2
digital.vasic.lava.apigo/internal/rutracker/torrent.go:166.2,166.65 1 11
digital.vasic.lava.apigo/internal/rutracker/torrent.go:178.104,183.16 5 5
digital.vasic.lava.apigo/internal/rutracker/torrent.go:183.16,185.3 1 0
digital.vasic.lava.apigo/internal/rutracker/torrent.go:186.2,186.19 1 5
digital.vasic.lava.apigo/internal/rutracker/torrent.go:186.19,188.3 1 0
digital.vasic.lava.apigo/internal/rutracker/torrent.go:189.2,189.26 1 5
digital.vasic.lava.apigo/internal/rutracker/torrent.go:189.26,191.3 1 1
digital.vasic.lava.apigo/internal/rutracker/torrent.go:192.2,192.56 1 4
digital.vasic.lava.apigo/internal/rutracker/torrent.go:192.56,194.3 1 2
digital.vasic.lava.apigo/internal/rutracker/torrent.go:195.2,195.27 1 2
digital.vasic.lava.apigo/internal/rutracker/torrent.go:205.95,206.18 1 4
digital.vasic.lava.apigo/internal/rutracker/torrent.go:206.18,208.3 1 1
digital.vasic.lava.apigo/internal/rutracker/torrent.go:209.2,213.16 5 3
digital.vasic.lava.apigo/internal/rutracker/torrent.go:213.16,215.3 1 0
digital.vasic.lava.apigo/internal/rutracker/torrent.go:216.2,216.35 1 3
digital.vasic.lava.apigo/internal/rutracker/torrent.go:216.35,218.3 1 1
digital.vasic.lava.apigo/internal/rutracker/torrent.go:219.2,219.19 1 2
digital.vasic.lava.apigo/internal/rutracker/torrent.go:219.19,221.3 1 0
digital.vasic.lava.apigo/internal/rutracker/torrent.go:222.2,226.8 1 2
digital.vasic.lava.apigo/internal/rutracker/utils.go:41.44,42.33 1 675
digital.vasic.lava.apigo/internal/rutracker/utils.go:42.33,44.3 1 92
digital.vasic.lava.apigo/internal/rutracker/utils.go:45.2,46.43 2 583
digital.vasic.lava.apigo/internal/rutracker/utils.go:46.43,48.3 1 585
digital.vasic.lava.apigo/internal/rutracker/utils.go:49.2,49.53 1 583
digital.vasic.lava.apigo/internal/rutracker/utils.go:55.49,57.9 2 169
digital.vasic.lava.apigo/internal/rutracker/utils.go:57.9,59.3 1 56
digital.vasic.lava.apigo/internal/rutracker/utils.go:60.2,60.10 1 113
digital.vasic.lava.apigo/internal/rutracker/utils.go:69.53,70.33 1 316
digital.vasic.lava.apigo/internal/rutracker/utils.go:70.33,72.3 1 110
digital.vasic.lava.apigo/internal/rutracker/utils.go:73.2,74.13 2 206
digital.vasic.lava.apigo/internal/rutracker/utils.go:74.13,76.3 1 4
digital.vasic.lava.apigo/internal/rutracker/utils.go:77.2,78.16 2 202
digital.vasic.lava.apigo/internal/rutracker/utils.go:78.16,84.3 1 1
digital.vasic.lava.apigo/internal/rutracker/utils.go:85.2,85.16 1 201
digital.vasic.lava.apigo/internal/rutracker/utils.go:91.57,92.33 1 441
digital.vasic.lava.apigo/internal/rutracker/utils.go:92.33,94.3 1 79
digital.vasic.lava.apigo/internal/rutracker/utils.go:95.2,96.10 2 362
digital.vasic.lava.apigo/internal/rutracker/utils.go:103.72,105.16 2 266
digital.vasic.lava.apigo/internal/rutracker/utils.go:105.16,107.3 1 50
digital.vasic.lava.apigo/internal/rutracker/utils.go:112.2,113.16 2 216
digital.vasic.lava.apigo/internal/rutracker/utils.go:113.16,118.3 1 0
digital.vasic.lava.apigo/internal/rutracker/utils.go:119.2,120.17 2 216
digital.vasic.lava.apigo/internal/rutracker/utils.go:120.17,122.3 1 2
digital.vasic.lava.apigo/internal/rutracker/utils.go:123.2,124.13 2 214
digital.vasic.lava.apigo/internal/rutracker/utils.go:124.13,126.3 1 0
digital.vasic.lava.apigo/internal/rutracker/utils.go:127.2,127.16 1 214
digital.vasic.lava.apigo/internal/rutracker/utils.go:132.58,135.2 2 160
digital.vasic.lava.apigo/internal/rutracker/utils.go:140.44,146.2 5 82
digital.vasic.lava.apigo/internal/rutracker/utils.go:151.43,154.28 3 80
digital.vasic.lava.apigo/internal/rutracker/utils.go:154.28,157.3 2 55
digital.vasic.lava.apigo/internal/rutracker/utils.go:158.2,158.19 1 80
digital.vasic.lava.apigo/internal/rutracker/utils.go:167.55,168.14 1 81
digital.vasic.lava.apigo/internal/rutracker/utils.go:168.14,170.3 1 0
digital.vasic.lava.apigo/internal/rutracker/utils.go:171.2,171.41 1 81
digital.vasic.lava.apigo/internal/rutracker/utils.go:171.41,172.37 1 464
digital.vasic.lava.apigo/internal/rutracker/utils.go:172.37,175.4 2 46
digital.vasic.lava.apigo/internal/rutracker/utils.go:177.2,177.12 1 35
digital.vasic.lava.apigo/internal/rutracker/utils.go:215.41,216.22 1 19
digital.vasic.lava.apigo/internal/rutracker/utils.go:216.22,218.3 1 3
digital.vasic.lava.apigo/internal/rutracker/utils.go:219.2,221.13 3 16
digital.vasic.lava.apigo/internal/rutracker/utils.go:221.13,223.3 1 0
digital.vasic.lava.apigo/internal/rutracker/utils.go:224.2,224.25 1 16
digital.vasic.lava.apigo/internal/rutracker/utils.go:224.25,226.3 1 0
digital.vasic.lava.apigo/internal/rutracker/utils.go:227.2,229.44 3 16
digital.vasic.lava.apigo/internal/rutracker/utils.go:235.42,242.22 5 583
digital.vasic.lava.apigo/internal/rutracker/utils.go:242.22,243.80 1 4530
digital.vasic.lava.apigo/internal/rutracker/utils.go:243.80,244.18 1 372
digital.vasic.lava.apigo/internal/rutracker/utils.go:244.18,247.5 2 303
digital.vasic.lava.apigo/internal/rutracker/utils.go:248.4,248.12 1 372
digital.vasic.lava.apigo/internal/rutracker/utils.go:250.3,251.20 2 4158
digital.vasic.lava.apigo/internal/rutracker/utils.go:253.2,254.36 2 583
digital.vasic.lava.apigo/internal/server/altsvc.go:33.80,34.19 1 4
digital.vasic.lava.apigo/internal/server/altsvc.go:34.19,35.31 1 1
digital.vasic.lava.apigo/internal/server/altsvc.go:35.31,35.43 1 1
digital.vasic.lava.apigo/internal/server/altsvc.go:37.2,39.30 3 3
digital.vasic.lava.apigo/internal/server/altsvc.go:39.30,41.31 1 3
digital.vasic.lava.apigo/internal/server/altsvc.go:41.31,44.4 2 1
digital.vasic.lava.apigo/internal/server/altsvc.go:45.3,46.11 2 2
digital.vasic.lava.apigo/internal/server/altsvc.go:54.33,56.2 1 3
digital.vasic.lava.apigo/internal/server/altsvc.go:67.38,68.51 1 8
digital.vasic.lava.apigo/internal/server/altsvc.go:68.51,70.3 1 7
digital.vasic.lava.apigo/internal/server/altsvc.go:71.2,71.13 1 1
digital.vasic.lava.apigo/internal/server/brotli.go:34.69,35.14 1 4
digital.vasic.lava.apigo/internal/server/brotli.go:35.14,36.31 1 1
digital.vasic.lava.apigo/internal/server/brotli.go:36.31,36.43 1 1
digital.vasic.lava.apigo/internal/server/brotli.go:38.2,38.30 1 3
digital.vasic.lava.apigo/internal/server/brotli.go:38.30,40.25 2 5
digital.vasic.lava.apigo/internal/server/brotli.go:40.25,43.4 2 4
digital.vasic.lava.apigo/internal/server/brotli.go:45.3,46.16 2 1
digital.vasic.lava.apigo/internal/server/brotli.go:46.16,46.34 1 1
digital.vasic.lava.apigo/internal/server/brotli.go:48.3,57.11 6 1
digital.vasic.lava.apigo/internal/server/brotli.go:64.40,65.18 1 16
digital.vasic.lava.apigo/internal/server/brotli.go:65.18,67.3 1 1
digital.vasic.lava.apigo/internal/server/brotli.go:68.2,68.50 1 15
digital.vasic.lava.apigo/internal/server/brotli.go:68.50,73.39 4 19
digital.vasic.lava.apigo/internal/server/brotli.go:73.39,74.12 1 7
digital.vasic.lava.apigo/internal/server/brotli.go:76.3,76.46 1 12
digital.vasic.lava.apigo/internal/server/brotli.go:76.46,78.4 1 6
digital.vasic.lava.apigo/internal/server/brotli.go:79.3,79.14 1 6
digital.vasic.lava.apigo/internal/server/brotli.go:81.2,81.14 1 3
digital.vasic.lava.apigo/internal/server/brotli.go:86.35,87.47 1 8
digital.vasic.lava.apigo/internal/server/brotli.go:87.47,89.51 2 8
digital.vasic.lava.apigo/internal/server/brotli.go:89.51,90.12 1 0
digital.vasic.lava.apigo/internal/server/brotli.go:92.3,94.15 2 8
digital.vasic.lava.apigo/internal/server/brotli.go:94.15,96.4 1 2
digital.vasic.lava.apigo/internal/server/brotli.go:97.3,97.33 1 6
digital.vasic.lava.apigo/internal/server/brotli.go:97.33,100.28 3 5
digital.vasic.lava.apigo/internal/server/brotli.go:100.28,101.18 1 9
digital.vasic.lava.apigo/internal/server/brotli.go:101.18,103.11 2 1
digital.vasic.lava.apigo/internal/server/brotli.go:106.4,106.15 1 5
digital.vasic.lava.apigo/internal/server/brotli.go:106.15,108.5 1 4
digital.vasic.lava.apigo/internal/server/brotli.go:111.2,111.14 1 2
digital.vasic.lava.apigo/internal/server/brotli.go:126.53,128.2 1 1
digital.vasic.lava.apigo/internal/server/brotli.go:132.59,134.2 1 0
digital.vasic.lava.apigo/internal/server/brotli.go:143.38,144.9 1 0
digital.vasic.lava.apigo/internal/server/brotli.go:145.33,146.15 1 0
digital.vasic.lava.apigo/internal/server/brotli.go:147.36,148.15 1 0
digital.vasic.lava.apigo/internal/server/brotli.go:149.38,150.15 1 0
digital.vasic.lava.apigo/internal/server/brotli.go:151.10,152.14 1 0
digital.vasic.lava.apigo/internal/server/protocol_metric.go:46.75,49.39 3 2
digital.vasic.lava.apigo/internal/server/protocol_metric.go:49.39,51.3 1 0
digital.vasic.lava.apigo/internal/server/protocol_metric.go:52.2,61.10 4 2
digital.vasic.lava.apigo/internal/server/protocol_metric.go:73.91,74.14 1 3
digital.vasic.lava.apigo/internal/server/protocol_metric.go:74.14,75.31 1 1
digital.vasic.lava.apigo/internal/server/protocol_metric.go:75.31,75.43 1 5
digital.vasic.lava.apigo/internal/server/protocol_metric.go:77.2,77.16 1 2
digital.vasic.lava.apigo/internal/server/protocol_metric.go:77.16,79.3 1 0
digital.vasic.lava.apigo/internal/server/protocol_metric.go:80.2,81.30 2 2
digital.vasic.lava.apigo/internal/server/protocol_metric.go:81.30,86.3 4 2
digital.vasic.lava.apigo/internal/server/protocol_metric.go:93.41,94.9 1 9
digital.vasic.lava.apigo/internal/server/protocol_metric.go:95.42,96.14 1 3
digital.vasic.lava.apigo/internal/server/protocol_metric.go:97.42,98.14 1 2
digital.vasic.lava.apigo/internal/server/protocol_metric.go:99.10,100.14 1 4
digital.vasic.lava.apigo/internal/server/protocol_metric.go:108.35,109.20 1 12
digital.vasic.lava.apigo/internal/server/protocol_metric.go:110.9,111.15 1 2
digital.vasic.lava.apigo/internal/server/protocol_metric.go:112.9,113.15 1 3
digital.vasic.lava.apigo/internal/server/protocol_metric.go:114.9,115.15 1 1
digital.vasic.lava.apigo/internal/server/protocol_metric.go:116.9,117.15 1 2
digital.vasic.lava.apigo/internal/server/protocol_metric.go:118.9,119.15 1 3
digital.vasic.lava.apigo/internal/server/protocol_metric.go:120.10,121.19 1 1
digital.vasic.lava.apigo/internal/server/server.go:51.39,52.23 1 4
digital.vasic.lava.apigo/internal/server/server.go:52.23,54.3 1 0
digital.vasic.lava.apigo/internal/server/server.go:55.2,55.31 1 4
digital.vasic.lava.apigo/internal/server/server.go:55.31,57.3 1 0
digital.vasic.lava.apigo/internal/server/server.go:58.2,58.26 1 4
digital.vasic.lava.apigo/internal/server/server.go:58.26,60.3 1 1
digital.vasic.lava.apigo/internal/server/server.go:61.2,66.16 2 3
digital.vasic.lava.apigo/internal/server/server.go:66.16,68.3 1 0
digital.vasic.lava.apigo/internal/server/server.go:74.2,90.8 3 3
digital.vasic.lava.apigo/internal/server/server.go:98.32,102.12 2 3
digital.vasic.lava.apigo/internal/server/server.go:102.12,104.3 1 3
digital.vasic.lava.apigo/internal/server/server.go:107.2,107.12 1 3
digital.vasic.lava.apigo/internal/server/server.go:107.12,109.43 2 3
digital.vasic.lava.apigo/internal/server/server.go:109.43,111.4 1 3
digital.vasic.lava.apigo/internal/server/server.go:112.3,112.15 1 3
digital.vasic.lava.apigo/internal/server/server.go:116.2,116.12 1 3
digital.vasic.lava.apigo/internal/server/server.go:116.12,118.17 2 3
digital.vasic.lava.apigo/internal/server/server.go:118.17,121.4 2 0
digital.vasic.lava.apigo/internal/server/server.go:122.3,126.43 5 3
digital.vasic.lava.apigo/internal/server/server.go:126.43,128.4 1 3
digital.vasic.lava.apigo/internal/server/server.go:129.3,129.15 1 3
digital.vasic.lava.apigo/internal/server/server.go:132.2,132.16 1 3
digital.vasic.lava.apigo/internal/server/server.go:137.54,139.15 2 4
digital.vasic.lava.apigo/internal/server/server.go:139.15,142.3 2 1
digital.vasic.lava.apigo/internal/server/server.go:143.2,153.30 5 3
digital.vasic.lava.apigo/internal/server/server.go:157.32,157.55 1 1
digital.vasic.lava.apigo/internal/server/server.go:160.39,160.69 1 1
digital.vasic.lava.apigo/internal/storage/factory.go:30.62,31.28 1 1
digital.vasic.lava.apigo/internal/storage/factory.go:32.30,39.17 2 0
digital.vasic.lava.apigo/internal/storage/factory.go:39.17,41.4 1 0
digital.vasic.lava.apigo/internal/storage/factory.go:42.3,43.44 2 0
digital.vasic.lava.apigo/internal/storage/factory.go:43.44,44.52 1 0
digital.vasic.lava.apigo/internal/storage/factory.go:44.52,46.5 1 0
digital.vasic.lava.apigo/internal/storage/factory.go:47.4,47.14 1 0
digital.vasic.lava.apigo/internal/storage/factory.go:49.3,49.43 1 0
digital.vasic.lava.apigo/internal/storage/factory.go:51.28,53.17 2 1
digital.vasic.lava.apigo/internal/storage/factory.go:53.17,55.4 1 0
digital.vasic.lava.apigo/internal/storage/factory.go:56.3,56.44 1 1
digital.vasic.lava.apigo/internal/storage/factory.go:56.44,60.66 1 0
digital.vasic.lava.apigo/internal/storage/factory.go:60.66,62.5 1 0
digital.vasic.lava.apigo/internal/storage/factory.go:63.4,63.14 1 0
digital.vasic.lava.apigo/internal/storage/factory.go:65.3,65.23 1 1
digital.vasic.lava.apigo/internal/storage/factory.go:67.10,68.81 1 0
digital.vasic.lava.apigo/internal/storage/postgres.go:30.49,32.2 1 0
digital.vasic.lava.apigo/internal/storage/postgres.go:34.95,36.2 1 0
digital.vasic.lava.apigo/internal/storage/postgres.go:38.103,40.2 1 0
digital.vasic.lava.apigo/internal/storage/postgres.go:42.77,44.2 1 0
digital.vasic.lava.apigo/internal/storage/postgres.go:46.41,48.2 1 0
digital.vasic.lava.apigo/internal/storage/sqlite.go:58.46,60.2 1 6
digital.vasic.lava.apigo/internal/storage/sqlite.go:64.60,65.16 1 11
digital.vasic.lava.apigo/internal/storage/sqlite.go:65.16,67.3 1 0
digital.vasic.lava.apigo/internal/storage/sqlite.go:68.2,75.16 4 11
digital.vasic.lava.apigo/internal/storage/sqlite.go:75.16,77.3 1 0
digital.vasic.lava.apigo/internal/storage/sqlite.go:86.2,100.12 3 11
digital.vasic.lava.apigo/internal/storage/sqlite.go:100.12,101.82 1 11
digital.vasic.lava.apigo/internal/storage/sqlite.go:101.82,104.4 2 0
digital.vasic.lava.apigo/internal/storage/sqlite.go:105.3,105.58 1 11
digital.vasic.lava.apigo/internal/storage/sqlite.go:105.58,108.4 2 0
digital.vasic.lava.apigo/internal/storage/sqlite.go:111.2,111.65 1 11
digital.vasic.lava.apigo/internal/storage/sqlite.go:111.65,114.3 2 0
digital.vasic.lava.apigo/internal/storage/sqlite.go:119.2,119.12 1 11
digital.vasic.lava.apigo/internal/storage/sqlite.go:119.12,121.84 2 11
digital.vasic.lava.apigo/internal/storage/sqlite.go:121.84,124.4 2 0
digital.vasic.lava.apigo/internal/storage/sqlite.go:125.3,125.38 1 11
digital.vasic.lava.apigo/internal/storage/sqlite.go:125.38,128.4 2 0
digital.vasic.lava.apigo/internal/storage/sqlite.go:131.2,140.15 6 11
digital.vasic.lava.apigo/internal/storage/sqlite.go:145.37,147.2 1 11
digital.vasic.lava.apigo/internal/storage/sqlite.go:153.53,157.6 4 11
digital.vasic.lava.apigo/internal/storage/sqlite.go:157.6,158.10 1 11
digital.vasic.lava.apigo/internal/storage/sqlite.go:159.21,160.10 1 11
digital.vasic.lava.apigo/internal/storage/sqlite.go:161.19,162.30 1 0
digital.vasic.lava.apigo/internal/storage/sqlite.go:172.74,178.16 3 1
digital.vasic.lava.apigo/internal/storage/sqlite.go:178.16,180.3 1 0
digital.vasic.lava.apigo/internal/storage/sqlite.go:181.2,182.16 2 1
digital.vasic.lava.apigo/internal/storage/sqlite.go:182.16,184.3 1 0
digital.vasic.lava.apigo/internal/storage/sqlite.go:187.2,187.17 1 1
digital.vasic.lava.apigo/internal/storage/sqlite.go:187.17,189.3 1 1
digital.vasic.lava.apigo/internal/storage/sqlite.go:190.2,190.21 1 1
digital.vasic.lava.apigo/internal/storage/sqlite.go:201.93,209.35 4 11
digital.vasic.lava.apigo/internal/storage/sqlite.go:209.35,211.3 1 5
digital.vasic.lava.apigo/internal/storage/sqlite.go:212.2,212.16 1 6
digital.vasic.lava.apigo/internal/storage/sqlite.go:212.16,214.3 1 0
digital.vasic.lava.apigo/internal/storage/sqlite.go:215.2,215.18 1 6
digital.vasic.lava.apigo/internal/storage/sqlite.go:215.18,219.3 1 1
digital.vasic.lava.apigo/internal/storage/sqlite.go:220.2,220.37 1 6
digital.vasic.lava.apigo/internal/storage/sqlite.go:225.101,227.13 2 10
digital.vasic.lava.apigo/internal/storage/sqlite.go:227.13,229.3 1 9
digital.vasic.lava.apigo/internal/storage/sqlite.go:230.2,238.16 2 10
digital.vasic.lava.apigo/internal/storage/sqlite.go:238.16,240.3 1 0
digital.vasic.lava.apigo/internal/storage/sqlite.go:241.2,241.12 1 10
digital.vasic.lava.apigo/internal/storage/sqlite.go:245.75,247.16 2 1
digital.vasic.lava.apigo/internal/storage/sqlite.go:247.16,249.3 1 0
digital.vasic.lava.apigo/internal/storage/sqlite.go:250.2,250.12 1 1
digital.vasic.lava.apigo/internal/storage/sqlite.go:255.39,257.14 2 12
digital.vasic.lava.apigo/internal/storage/sqlite.go:257.14,260.3 2 1
digital.vasic.lava.apigo/internal/storage/sqlite.go:261.2,265.19 4 11
digital.vasic.lava.apigo/internal/storage/sqlite.go:265.19,267.3 1 11
digital.vasic.lava.apigo/internal/storage/sqlite.go:268.2,269.21 2 11
digital.vasic.lava.apigo/tests/integration/testenv/testenv.go:59.23,59.36 1 0
digital.vasic.lava.apigo/tests/integration/testenv/testenv.go:64.54,67.25 2 0
digital.vasic.lava.apigo/tests/integration/testenv/testenv.go:67.25,69.3 1 0
digital.vasic.lava.apigo/tests/integration/testenv/testenv.go:70.2,70.32 1 0
digital.vasic.lava.apigo/tests/integration/testenv/testenv.go:70.32,72.3 1 0
digital.vasic.lava.apigo/tests/integration/testenv/testenv.go:74.2,75.45 2 0
digital.vasic.lava.apigo/tests/integration/testenv/testenv.go:75.45,77.3 1 0
digital.vasic.lava.apigo/tests/integration/testenv/testenv.go:79.2,96.20 3 0
digital.vasic.lava.apigo/tests/integration/testenv/testenv.go:96.20,98.3 1 0
digital.vasic.lava.apigo/tests/integration/testenv/testenv.go:100.2,116.49 9 0
digital.vasic.lava.apigo/tests/integration/testenv/testenv.go:116.49,119.3 2 0
digital.vasic.lava.apigo/tests/integration/testenv/testenv.go:121.2,129.3 2 0
digital.vasic.lava.apigo/tests/integration/testenv/testenv.go:132.94,135.26 3 0
digital.vasic.lava.apigo/tests/integration/testenv/testenv.go:135.26,137.17 2 0
digital.vasic.lava.apigo/tests/integration/testenv/testenv.go:137.17,139.4 1 0
digital.vasic.lava.apigo/tests/integration/testenv/testenv.go:140.3,141.47 2 0
digital.vasic.lava.apigo/tests/integration/testenv/testenv.go:143.2,143.12 1 0
